{"stat.cakeSlicesEaten":30,"stat.craftItem.stonechest.part_cobblestone":8,"stat.leaveGame":4,"stat.mineBlock.minecraft.cobblestone":17,"stat.useItem.minecraft.skull":10,"stat.craftItem.enderio.item_alloy_ingot":9,"stat.drop.forge.bucketfilled":2,"stat.craftItem.extrautils2.glasscutter":2,"stat.swimOneCm":395,"stat.pickup.tp.reinforced_obsidian":3,"stat.pickup.minecraft.glowstone_dust":1,"stat.pickup.minecraft.glass":30,"stat.mineBlock.gravestone.gravestone":3,"stat.useItem.minecraft.stone_slab2":11,"stat.craftItem.extrautils2.endershard":8,"stat.pickup.exnihilocreatio.block_dust":64,"stat.pickup.minecraft.sand":64,"stat.useItem.stonechest.chest_cobblestone":1,"stat.killEntity.Enderman":1,"stat.pickup.tp.cooked_apple":20,"stat.pickup.minecraft.cobblestone":1191,"stat.useItem.exnihilocreatio.hammer_stone":15,"stat.flyOneCm":31278,"stat.pickup.minecraft.clay":1,"stat.pickup.appliedenergistics2.material":13,"stat.craftItem.extrautils2.resonator":1,"stat.useItem.exnihilocreatio.item_material":1,"stat.timeSinceDeath":191747,"stat.pickup.exnihilocreatio.hammer_stone":1,"stat.craftItem.stonechest.chest_cobblestone":2,"stat.pickup.excompressum.heavy_sieve":3,"stat.craftItem.enderio.item_material":152,"stat.pickup.minecraft.light_weighted_pressure_plate":1,"stat.furnaceInteraction":2,"stat.craftItem.tp.birthday_pickaxe":1,"stat.useItem.extrautils2.pipe":11,"stat.useItem.thermalfoundation.tool.hammer_iron":39,"stat.drop.minecraft.light_weighted_pressure_plate":1,"stat.craftItem.minecraft.stone_slab2":0,"stat.pickup.thermalfoundation.tool.hammer_iron":4,"stat.craftItem.tconstruct.tooltables":4,"stat.sprintOneCm":233604,"stat.pickup.minecraft.skull":13,"stat.craftItem.excompressum.compressed_hammer_iron":1,"stat.pickup.exnihilocreatio.item_material":8,"stat.pickup.chancecubes.chance_cube":7,"stat.craftItem.exnihilocreatio.hammer_iron":9,"stat.craftItem.appliedenergistics2.quartz_glass":20,"stat.pickup.extrautils2.resonator":1,"stat.pickup.exnihilocreatio.item_ore_nickel":1,"stat.craftItem.minecraft.clay_ball":148,"stat.pickup.cyclicmagic.tool_torch_launcher":5,"stat.pickup.excompressum.compressed_hammer_iron":1,"stat.deaths":10,"stat.drop":10,"stat.useItem.thermalfoundation.tool.hammer_invar":41,"stat.pickup.actuallyadditions.item_dust":1,"stat.playOneMinute":214542,"stat.pickup.draconicevolution.draconic_core":4,"stat.pickup.petrock.stoneium":15,"stat.pickup.enderio.block_fused_quartz":4,"stat.chestOpened":11,"stat.pickup.tconstruct.tooltables":1,"stat.pickup.fluxnetworks.fluxstorage":1,"stat.pickup.extrautils2.machine":3,"stat.useItem.minecraft.stone":12,"stat.pickup.minecraft.gravel":76,"stat.useItem.minecraft.apple":3,"stat.mineBlock.extrautils2.resonator":1,"stat.drop.minecraft.apple":1,"stat.jump":395,"stat.fallOneCm":5689,"stat.drop.exnihilocreatio.item_ore_silver":2,"stat.useItem.tp.birthday_pickaxe":15,"stat.drop.minecraft.dye":1,"stat.pickup.minecraft.melon_seeds":6,"stat.crouchOneCm":1687,"stat.pickup.minecraft.dirt":62,"stat.drop.extrautils2.resonator":1,"stat.craftingTableInteraction":2,"stat.damageTaken":2373,"stat.mineBlock.minecraft.torch":1,"stat.drop.extrautils2.pipe":2,"stat.pickup.minecraft.dye":2,"stat.pickup.exnihilocreatio.item_ore_gold":1,"stat.craftItem.extrautils2.ingredients":2,"stat.pickup.minecraft.reeds":3,"stat.pickup.exnihilocreatio.item_ore_silver":2,"stat.pickup.enderio.item_material":96,"stat.damageDealt":122,"stat.pickup.tconstruct.stone_stick":8,"stat.mineBlock.minecraft.dirt":1,"stat.walkOneCm":305228,"stat.pickup.thermalfoundation.tool.hammer_invar":4,"stat.pickup.minecraft.stick":2,"stat.pickup.appliedenergistics2.quartz_glass":24,"stat.useItem.minecraft.cobblestone":47,"stat.craftItem.minecraft.crafting_table":1,"stat.pickup.enderio.block_simple_alloy_smelter":1,"stat.pickup.minecraft.log":5,"stat.pickup.extrautils2.crafter":1,"stat.pickup.stonechest.chest_cobblestone":1,"stat.pickup.minecraft.stone":55,"stat.pickup.minecraft.ender_pearl":9,"stat.pickup.minecraft.apple":9,"stat.craftItem.minecraft.bucket":4,"stat.craftItem.minecraft.planks":16,"stat.pickup.tp.reinforced_obsidian_ingot":9,"stat.mobKills":1,"stat.pickup.minecraft.diamond":1,"stat.pickup.immersiveengineering.metal_device1":1,"stat.pickup.minecraft.torch":3,"stat.sneakTime":1990,"stat.craftItem.minecraft.coal_block":1,"stat.pickup.extrautils2.pipe":30,"stat.mineBlock.minecraft.stone":639,"stat.pickup.ftbquests.book":3}