{"stat.pickup.harvestcraft.epicbaconitem":11,"stat.drop.ftbquests.book":1,"stat.craftItem.excompressum.auto_sieve":1,"stat.craftItem.stonechest.part_cobblestone":57,"stat.craftItem.tconstruct.stone_ladder":516,"stat.leaveGame":3,"stat.mineBlock.minecraft.cobblestone":269,"stat.pickup.minecraft.flint":9,"stat.mineBlock.actuallyadditions.block_misc":14,"stat.craftItem.excompressum.compressed_hammer_stone":3,"stat.mineBlock.appliedenergistics2.quartz_ore":8,"stat.pickup.exnihilocreatio.item_ore_lead":25,"stat.craftItem.extrautils2.compressedcobblestone":85,"stat.mineBlock.extrautils2.compressedcobblestone":85,"stat.swimOneCm":344,"stat.climbOneCm":234310,"stat.pickup.bigreactors.brore":5,"stat.mineBlock.gravestone.gravestone":1,"stat.useItem.minecraft.dirt":10,"stat.useItem.minecraft.stone_slab2":64,"stat.useItem.minecraft.water_bucket":4,"stat.pickup.exnihilocreatio.block_dust":194,"stat.pickup.minecraft.sand":1177,"stat.craftItem.minecraft.furnace":2,"stat.pickup.thermalfoundation.ore":35,"stat.useItem.stonechest.chest_cobblestone":7,"stat.craftItem.minecraft.stone_pickaxe":6,"stat.pickup.exnihilocreatio.item_pebble":52,"stat.pickup.minecraft.cobblestone":2193,"stat.mineBlock.minecraft.clay":18,"stat.useItem.exnihilocreatio.hammer_stone":668,"stat.mineBlock.exnihilocreatio.block_infested_leaves":135,"stat.craftItem.minecraft.stone_sword":2,"stat.pickup.exnihilocreatio.item_seed_cactus":14,"stat.flyOneCm":7751,"stat.pickup.appliedenergistics2.material":12,"stat.mineBlock.minecraft.sand":3,"stat.useItem.extrautils2.compressedgravel":33,"stat.craftItem.minecraft.wooden_slab":12,"stat.craftItem.extrautils2.compresseddirt":104,"stat.pickup.exnihilocreatio.item_ore_copper":35,"stat.pickup.tconstruct.stone_ladder":185,"stat.pickup.extrautils2.compressedgravel":2,"stat.pickup.minecraft.redstone":19,"stat.mineBlock.minecraft.iron_ore":22,"stat.useItem.exnihilocreatio.item_material":1,"stat.timeSinceDeath":155435,"stat.pickup.exnihilocreatio.hammer_stone":3,"stat.useItem.minecraft.iron_pickaxe":443,"stat.craftItem.stonechest.chest_cobblestone":13,"stat.craftItem.minecraft.iron_block":2,"stat.killEntity.Bat":1,"stat.craftItem.minecraft.glass_pane":16,"stat.drop.harvestcraft.epicbaconitem":7,"stat.useItem.tp.cooked_apple":5,"stat.mineBlock.thermalfoundation.ore":35,"stat.furnaceInteraction":38,"stat.mineBlock.minecraft.coal_ore":187,"stat.pickup.extrautils2.ingredients":1,"stat.pickup.actuallyadditions.item_solidified_experience":1,"stat.pickup.minecraft.string":133,"stat.mineBlock.tconstruct.stone_ladder":1,"stat.craftItem.exnihilocreatio.hammer_stone":33,"stat.craftItem.minecraft.stone_slab2":0,"stat.pickup.exnihilocreatio.item_ore_aluminium":46,"stat.craftItem.tconstruct.stone_stick":1264,"stat.pickup.exnihilocreatio.item_ore_iron":167,"stat.craftItem.tconstruct.tooltables":4,"stat.craftItem.excompressum.heavy_sieve":1,"stat.sprintOneCm":110514,"stat.pickup.stoneblockutilities.crook_stone":1,"stat.pickup.exnihilocreatio.item_ore_osmium":13,"stat.craftItem.minecraft.stick":108,"stat.mineBlock.rftools.dimensional_shard_ore":8,"stat.pickup.exnihilocreatio.item_material":34,"stat.mineBlock.minecraft.diamond_ore":2,"stat.pickup.exnihilocreatio.item_ore_nickel":16,"stat.useItem.excompressum.compressed_hammer_stone":295,"stat.pickup.minecraft.emerald":1,"stat.pickup.cyclicmagic.tool_torch_launcher":1,"stat.deaths":1,"stat.useItem.extrautils2.compressedsand":18,"stat.useItem.thermalfoundation.tool.hammer_invar":118,"stat.drop":14,"stat.playOneMinute":224285,"stat.craftItem.excompressum.wooden_crucible":1,"stat.mineBlock.mysticalagriculture.prosperity_ore":8,"stat.craftItem.minecraft.iron_pickaxe":3,"stat.mineBlock.extrautils2.compressedsand":21,"stat.killEntity.Zombie":3,"stat.pickup.rftools.dimensional_shard":19,"stat.mineBlock.minecraft.gold_ore":13,"stat.diveOneCm":314,"stat.pickup.minecraft.gravel":1058,"stat.useItem.extrautils2.compressedcobblestone":24,"stat.useItem.minecraft.apple":2,"stat.craftItem.betterbuilderswands.wandstone":1,"stat.mineBlock.bigreactors.brore":5,"stat.pickup.stoneblockutilities.stoneworkbench":1,"stat.useItem.minecraft.clay":17,"stat.pickup.exnihilocreatio.item_ore_tin":36,"stat.useItem.betterbuilderswands.wandstone":38,"stat.drop.minecraft.iron_pickaxe":1,"stat.craftItem.exnihilocreatio.block_crucible":2,"stat.jump":1021,"stat.useItem.minecraft.sand":2,"stat.pickup.minecraft.coal":186,"stat.fallOneCm":7141,"stat.drop.minecraft.stone_sword":1,"stat.crouchOneCm":12644,"stat.craftItem.minecraft.chest":1,"stat.craftItem.minecraft.iron_ingot":59,"stat.pickup.minecraft.dirt":961,"stat.pickup.actuallyadditions.block_misc":8,"stat.useItem.tconstruct.stone_ladder":223,"stat.craftItem.stoneblockutilities.crook_stone":5,"stat.pickup.minecraft.iron_ore":22,"stat.useItem.minecraft.sapling":29,"stat.pickup.minecraft.gold_ore":13,"stat.craftItem.exnihilocreatio.item_ore_iron":41,"stat.craftItem.tconstruct.pattern":8,"stat.damageTaken":943,"stat.pickup.minecraft.leather":1,"stat.mineBlock.minecraft.torch":8,"stat.useItem.harvestcraft.epicbaconitem":7,"stat.mineBlock.minecraft.sapling":6,"stat.pickup.mysticalagriculture.crafting":18,"stat.pickup.exnihilocreatio.item_ore_gold":18,"stat.pickup.minecraft.dye":31,"stat.pickup.exnihilocreatio.item_ore_silver":40,"stat.mineBlock.minecraft.gravel":306,"stat.useItem.minecraft.stone_pickaxe":599,"stat.craftItem.extrautils2.compressedsand":103,"stat.useItem.minecraft.stone_sword":27,"stat.damageDealt":1425,"stat.craftItem.minecraft.glass":6,"stat.pickup.tconstruct.stone_stick":19,"stat.killEntity.Silverfish":1,"stat.mineBlock.minecraft.dirt":123,"stat.useItem.stoneblockutilities.crook_stone":678,"stat.pickup.exnihilocreatio.item_mesh":1,"stat.mineBlock.minecraft.monster_egg":2,"stat.walkOneCm":569070,"stat.craftItem.excompressum.compressed_block":19,"stat.playerKills":1,"stat.mineBlock.extrautils2.compresseddirt":104,"stat.pickup.minecraft.stick":6,"stat.craftItem.exnihilocreatio.item_material":8,"stat.mineBlock.stoneblockutilities.stoneworkbench":1,"stat.pickup.minecraft.clay_ball":72,"stat.useItem.minecraft.cobblestone":305,"stat.craftItem.extrautils2.compressedgravel":85,"stat.useItem.minecraft.gravel":189,"stat.killEntity.LavaSlime":1,"stat.mineBlock.minecraft.emerald_ore":1,"stat.pickup.minecraft.log":88,"stat.craftItem.exnihilocreatio.block_sieve":2,"stat.pickup.minecraft.stone":29,"stat.drop.minecraft.sapling":4,"stat.mineBlock.minecraft.wool":100,"stat.pickup.minecraft.sapling":175,"stat.pickup.minecraft.apple":13,"stat.killEntity.Skeleton":1,"stat.craftItem.minecraft.bucket":2,"stat.craftItem.minecraft.planks":76,"stat.craftItem.tp.cooked_apple":15,"stat.craftItem.stoneblockutilities.stoneworkbench":5,"stat.mobKills":6,"stat.mineBlock.minecraft.log":88,"stat.pickup.minecraft.diamond":4,"stat.mineBlock.minecraft.leaves":1266,"stat.pickup.minecraft.torch":19,"stat.mineBlock.minecraft.redstone_ore":12,"stat.sneakTime":10594,"stat.pickup.minecraft.wool":100,"stat.mineBlock.extrautils2.compressedgravel":87,"stat.craftItem.exnihilocreatio.item_mesh":1,"stat.craftItem.minecraft.cobblestone":5,"stat.mineBlock.minecraft.stone":1625,"stat.useItem.extrautils2.compresseddirt":76,"stat.pickup.ftbquests.book":2}