{"stat.pickup.minecraft.wooden_slab":14,"stat.leaveGame":13,"stat.craftItem.darkutils.material":393,"stat.pickup.extrautils2.redorchid":1,"stat.craftItem.excompressum.compressed_hammer_stone":7,"stat.craftItem.minecraft.ender_eye":32,"stat.useItem.exnihilocreatio.block_netherrack_crushed":2,"stat.useItem.malisisdoors.wood_sliding_door":1,"stat.mineBlock.gravestone.gravestone":2,"stat.pickup.oreberries.copper_oreberry_bush":3,"stat.pickup.exnihilocreatio.block_dust":7479,"stat.pickup.minecraft.rotten_flesh":2,"stat.pickup.excompressum.compressed_block":2489,"stat.pickup.torchmaster.feral_flare_lantern":2,"stat.craftItem.minecraft.stone_axe":1,"stat.pickup.minecraft.cobblestone_wall":1,"stat.pickup.minecraft.bucket":3,"stat.useItem.exnihilocreatio.block_sieve":79,"stat.pickup.integrateddynamics.menril_sapling":19,"stat.craftItem.excompressum.compressed_hammer_diamond":6,"stat.pickup.exnihilocreatio.item_ore_copper":4953,"stat.mineBlock.minecraft.end_stone":4706,"stat.pickup.thermalfoundation.upgrade":2,"stat.craftItem.enderstorage.ender_storage":8,"stat.pickup.excompressum.heavy_sieve":10,"stat.craftItem.stonechest.chest_cobblestone":8,"stat.mineBlock.tconstruct.clear_glass":10,"stat.pickup.enderio.item_basic_capacitor":29,"stat.mineBlock.minecraft.sticky_piston":1,"stat.mineBlock.excompressum.auto_sieve":3,"stat.furnaceInteraction":114,"stat.mineBlock.chancecubes.chance_cube":1,"stat.craftItem.tp.birthday_pickaxe":11,"stat.mineBlock.malisisdoors.hitechdoor":3,"stat.pickup.chisel.concrete_white1":54,"stat.mineBlock.torchmaster.feral_flare_lantern":2,"stat.craftItem.mysticalagriculture.crafting":221,"stat.pickup.exnihilocreatio.block_endstone_crushed":7194,"stat.useItem.translocators.translocator_part":19,"stat.pickup.mysticalagriculture.tier1_inferium_seeds":3,"stat.useItem.malisisdoors.hitechdoor":5,"stat.pickup.minecraft.emerald":808,"stat.pickup.cyclicmagic.tool_torch_launcher":5,"stat.useItem.minecraft.dye":36,"stat.mineBlock.enderstorage.ender_storage":10,"stat.deaths":2,"stat.pickup.tp.growth_block":1,"stat.pickup.actuallyadditions.item_dust":1400,"stat.pickup.thaumcraft.crystal_terra":1676,"stat.mineBlock.minecraft.tallgrass":603,"stat.mineBlock.thermalexpansion.machine":1,"stat.pickup.tconstruct.seared":41,"stat.pickup.fluxnetworks.fluxcore":4,"stat.chestOpened":266,"stat.craftItem.roost.roost":156,"stat.craftItem.minecraft.sign":18,"stat.craftItem.notenoughwands.advanced_wandcore":0,"stat.useItem.minecraft.stone":63,"stat.pickup.minecraft.iron_sword":1,"stat.pickup.minecraft.arrow":9,"stat.pickup.yabba.upgrade_diamond_tier":2,"stat.pickup.extrautils2.compressedcobblestone":21,"stat.useItem.minecraft.ender_chest":1,"stat.pickup.stoneblockutilities.stoneworkbench":1,"stat.pickup.minecraft.gold_nugget":6,"stat.craftItem.minecraft.ender_chest":2,"stat.pickup.enderio.item_alloy_ingot":5,"stat.pickup.minecraft.carrot":461,"stat.crouchOneCm":42473,"stat.craftItem.minecraft.diamond":36,"stat.craftItem.minecraft.iron_ingot":795,"stat.mineBlock.minecraft.concrete_powder":198,"stat.pickup.chisel.concrete_gray1":735,"stat.useItem.tconstruct.stone_ladder":6,"stat.pickup.actuallyadditions.block_phantomface":36,"stat.craftingTableInteraction":32,"stat.pickup.minecraft.repeater":6,"stat.craftItem.tconstruct.pattern":4,"stat.pickup.thermalfoundation.tome_lexicon":1,"stat.pickup.minecraft.dye":34244,"stat.pickup.exnihilocreatio.item_ore_gold":1618,"stat.pickup.minecraft.planks":123,"stat.craftItem.minecraft.diamond_shovel":1,"stat.pickup.minecraft.wheat_seeds":113,"stat.pickup.enderio.item_material":635,"stat.pickup.cyclicmagic.water_candle":2,"stat.pickup.actuallyadditions.block_atomic_reconstructor":2,"stat.mineBlock.mysticalagriculture.ultimate_furnace":2,"stat.mineBlock.minecraft.ender_chest":2,"stat.mineBlock.minecraft.dirt":454,"stat.pickup.exnihilocreatio.item_mesh":102,"stat.useItem.stoneblockutilities.crook_stone":488,"stat.pickup.mysticalagriculture.nether_seeds":14,"stat.pickup.tconstruct.pattern":44,"stat.pickup.immersiveengineering.seed":26,"stat.mineBlock.extrautils2.compresseddirt":1639,"stat.pickup.oreberries.iron_oreberry_bush":3,"stat.useItem.minecraft.cobblestone":1414,"stat.useItem.minecraft.gravel":2,"stat.pickup.quantumflux.imaginarytime":3,"stat.mineBlock.minecraft.double_plant":3,"stat.pickup.tconstruct.pickaxe":4,"stat.craftItem.tp.wooden_shears":8,"stat.pickup.botania.blacklotus":32,"stat.pickup.extrautils2.crafter":7,"stat.pickup.stonechest.chest_cobblestone":26,"stat.craftItem.exnihilocreatio.block_sieve":28,"stat.useItem.tconstruct.pickaxe":289,"stat.craftItem.minecraft.gold_ingot":568,"stat.pickup.petrock.petrockspawn":1,"stat.mineBlock.chisel.concrete_lightgray":74,"stat.pickup.minecraft.apple":8,"stat.pickup.minecraft.end_stone":9664,"stat.pickup.extrautils2.compresseddirt":7,"stat.mineBlock.actuallyadditions.block_atomic_reconstructor":2,"stat.craftItem.minecraft.bucket":3,"stat.craftItem.minecraft.planks":3120,"stat.pickup.fluxnetworks.flux":15,"stat.craftItem.stoneblockutilities.stoneworkbench":1,"stat.useItem.excompressum.compressed_block":134,"stat.mineBlock.minecraft.log":388,"stat.craftItem.minecraft.wooden_door":3,"stat.useItem.minecraft.wooden_door":2,"stat.craftItem.minecraft.paper":24,"stat.pickup.chancecubes.silk_touch_pendant":2,"stat.pickup.minecraft.red_flower":27,"stat.craftItem.thermalexpansion.frame":0,"stat.pickup.exnihilocreatio.block_sieve":72,"stat.pickup.minecraft.wool":70,"stat.pickup.extrautils2.pipe":20,"stat.craftItem.minecraft.cobblestone":79,"stat.cakeSlicesEaten":2,"stat.pickup.harvestcraft.epicbaconitem":87,"stat.craftItem.storagedrawers.basicdrawers":55,"stat.useItem.minecraft.iron_axe":137,"stat.mineBlock.minecraft.cobblestone":1891,"stat.pickup.minecraft.stone_pickaxe":2,"stat.pickup.minecraft.flint":123,"stat.mineBlock.minecraft.yellow_flower":61,"stat.useItem.minecraft.skull":2,"stat.mineBlock.minecraft.concrete":11155,"stat.pickup.chesttransporter.chesttransporter":1,"stat.craftItem.minecraft.wool":16,"stat.useItem.minecraft.concrete_powder":875,"stat.pickup.projecte.item.pe_destruction_catalyst":1,"stat.pickup.minecraft.sticky_piston":2,"stat.useItem.minecraft.stone_slab2":572,"stat.pickup.minecraft.bow":2,"stat.pickup.forge.bucketfilled":1,"stat.pickup.minecraft.iron_boots":2,"stat.craftItem.minecraft.furnace":3,"stat.pickup.thermalfoundation.ore":9,"stat.pickup.chisel.concrete_lightgray1":3336,"stat.craftItem.exnihilocreatio.hammer_diamond":54,"stat.pickup.tp.cobblegen_block":3,"stat.useItem.tconstruct.clear_glass":34,"stat.pickup.actuallyadditions.item_color_lens":1,"stat.pickup.tp.cooked_apple":16,"stat.mineBlock.minecraft.obsidian":78,"stat.pickup.mysticalagradditions.special":1,"stat.craftItem.malisisdoors.hitechdoor":9,"stat.useItem.exnihilocreatio.hammer_stone":247,"stat.flyOneCm":2393249,"stat.pickup.actuallyadditions.item_booklet":4,"stat.pickup.minecraft.fish":2396,"stat.pickup.appliedenergistics2.storage_cell_64k":1,"stat.useItem.extrautils2.compressedgravel":559,"stat.craftItem.tp.reinforced_obsidian":4,"stat.craftItem.minecraft.stained_glass":32,"stat.timeSinceDeath":17195,"stat.killEntity.Bat":3,"stat.useItem.roost.collector":7,"stat.craftItem.fluxnetworks.fluxcore":44,"stat.pickup.enderio.block_enderman_skull":1,"stat.craftItem.minecraft.concrete_powder":10240,"stat.killEntity.Creeper":2,"stat.pickup.extrautils2.ingredients":36,"stat.pickup.minecraft.string":1279,"stat.ae2.ItemsInserted":12096,"stat.pickup.storagedrawers.compdrawers":1,"stat.pickup.excompressum.compressed_hammer_stone":2,"stat.pickup.extrautils2.glasscutter":1,"stat.useItem.chisel.concrete_lightgray":30,"stat.pickup.mysticalagriculture.supremium_helmet":3,"stat.craftItem.tconstruct.stone_stick":4,"stat.craftItem.excompressum.heavy_sieve":4,"stat.craftItem.tconstruct.tooltables":3,"stat.pickup.thermaldynamics.duct_32":3,"stat.sprintOneCm":7332825,"stat.useItem.minecraft.diamond_shovel":281,"stat.pickup.stoneblockutilities.crook_stone":2,"stat.craftItem.notenoughwands.wandcore":0,"stat.pickup.minecraft.bone_block":14,"stat.pickup.extrautils2.passivegenerator":12,"stat.useItem.enderstorage.ender_storage":12,"stat.useItem.chisel.concrete_gray":875,"stat.craftItem.malisisdoors.iron_sliding_door":18,"stat.craftItem.minecraft.wooden_pressure_plate":1,"stat.pickup.thaumcraft.crystal_aqua":1861,"stat.pickup.minecraft.sugar":56,"stat.pickup.minecraft.spawn_egg":17,"stat.useItem.storagedrawers.tape":53,"stat.craftItem.excompressum.wooden_crucible":2,"stat.mineBlock.extrautils2.compressedsand":822,"stat.craftItem.minecraft.dye":1432,"stat.pickup.buildinggadgets.buildingtool":1,"stat.craftItem.storagedrawers.compdrawers":4,"stat.diveOneCm":7692,"stat.craftItem.minecraft.slime_ball":9,"stat.pickup.minecraft.wheat":12,"stat.pickup.tconstruct.tooltables":13,"stat.pickup.storagedrawers.basicdrawers":82,"stat.pickup.mysticalagriculture.ultimate_furnace":2,"stat.pickup.extrautils2.machine":3,"stat.pickup.minecraft.sign":30,"stat.craftItem.minecraft.cooked_porkchop":290,"stat.pickup.minecraft.stone_axe":2,"stat.pickup.minecraft.obsidian":314,"stat.craftItem.thermalexpansion.machine":0,"stat.jump":7735,"stat.pickup.tp.birthday_pickaxe":7,"stat.pickup.minecraft.coal":5356,"stat.pickup.minecraft.iron_ingot":16,"stat.pickup.tconstruct.seared_tank":1,"stat.pickup.minecraft.gunpowder":1857,"stat.pickup.mysticalagriculture.supremium_chestplate":3,"stat.mineBlock.roost.roost":16,"stat.pickup.minecraft.dirt":15645,"stat.pickup.minecraft.stone_shovel":2,"stat.mineBlock.excompressum.wooden_crucible":1,"stat.useItem.minecraft.sapling":72,"stat.pickup.draconicevolution.generator":5,"stat.pickup.actuallyadditions.item_flax_seed":51,"stat.damageTaken":5516,"stat.pickup.oreberries.tin_oreberry_bush":4,"stat.mineBlock.minecraft.torch":172,"stat.pickup.minecraft.written_book":1,"stat.mineBlock.minecraft.red_flower":27,"stat.pickup.immersiveengineering.metal":215,"stat.mineBlock.minecraft.sapling":10,"stat.pickup.minecraft.ender_eye":21,"stat.pickup.appliedenergistics2.biometric_card":1,"stat.pickup.oreberries.essence_oreberry_bush":4,"stat.mineBlock.excompressum.compressed_block":4292,"stat.pickup.minecraft.concrete":11463,"stat.pickup.minecraft.quartz_block":1,"stat.pickup.exnihilocreatio.item_seed_potato":34,"stat.craftItem.extrautils2.compressedsand":853,"stat.useItem.chisel.concrete_lightgray1":1813,"stat.pickup.randomthings.fertilizeddirt":6,"stat.drop.tp.cooked_apple":1,"stat.mineBlock.exnihilocreatio.block_barrel1":2,"stat.killEntity.Silverfish":7,"stat.mineBlock.exnihilocreatio.block_barrel0":1,"stat.useItem.excompressum.compressed_hammer_diamond":9636,"stat.craftItem.minecraft.stone_slab":12,"stat.animalsBred":123,"stat.useItem.chisel.concrete_white1":271,"stat.useItem.minecraft.chest":3,"stat.mineBlock.cyclicmagic.water_candle":1,"stat.pickup.appliedenergistics2.quartz_glass":20,"stat.useItem.minecraft.lava_bucket":2,"stat.pickup.thaumcraft.crystal_aer":1926,"stat.useItem.storagedrawers.drawer_key":65,"stat.pickup.tp.emerald_cobblegen_block":1,"stat.pickup.tconstruct.clear_glass":7,"stat.pickup.minecraft.ender_pearl":235,"stat.useItem.minecraft.concrete":1407,"stat.useItem.minecraft.netherrack":7,"stat.pickup.translocators.translocator_part":1,"stat.pickup.extrautils2.drum":2,"stat.pickup.cyclicmagic.glove_climb":1,"stat.craftItem.tp.cooked_apple":233,"stat.pickup.thaumcraft.crystal_perditio":1852,"stat.mobKills":184,"stat.craftItem.fluxnetworks.flux":64,"stat.pickup.excompressum.wooden_crucible":1,"stat.pickup.mysticalagriculture.inferium_furnace":2,"stat.pickup.minecraft.diamond":850,"stat.pickup.minecraft.beetroot_seeds":39,"stat.pickup.ftbquests.lootcrate":11,"stat.pickup.minecraft.torch":376,"stat.pickup.roost.roost":47,"stat.mineBlock.exnihilocreatio.block_sieve":62,"stat.useItem.extrautils2.compresseddirt":419,"stat.pickup.ftbquests.book":2,"stat.pickup.botania.livingrock":31,"stat.useItem.minecraft.string":1,"stat.mineBlock.storagedrawers.basicdrawers":79,"stat.mineBlock.tconstruct.seared_tank":1,"stat.pickup.mysticalagriculture.supremium_leggings":3,"stat.craftItem.minecraft.iron_axe":1,"stat.killEntity.Ozelot":1,"stat.pickup.thaumcraft.crystal_ordo":1810,"stat.mineBlock.extrautils2.compressedcobblestone":4824,"stat.useItem.minecraft.planks":1,"stat.pickup.appliedenergistics2.drive":2,"stat.pickup.minecraft.glowstone_dust":1119,"stat.pickup.enderstorage.ender_storage":19,"stat.pickup.minecraft.porkchop":357,"stat.pickup.minecraft.blaze_powder":996,"stat.pickup.minecraft.glass":203,"stat.craftItem.actuallyadditions.block_atomic_reconstructor":1,"stat.useItem.minecraft.water_bucket":1124,"stat.pickup.openblocks.elevator":6,"stat.pickup.minecraft.sand":14705,"stat.pickup.minecraft.hardened_clay":12,"stat.useItem.stonechest.chest_cobblestone":12,"stat.useItem.storagedrawers.compdrawers":1,"stat.craftItem.actuallyadditions.block_misc":2,"stat.pickup.minecraft.name_tag":2,"stat.pickup.exnihilocreatio.item_pebble":1559,"stat.mineBlock.exnihilocreatio.block_infested_leaves":392,"stat.pickup.tconstruct.stone_ladder":90,"stat.pickup.storagedrawers.tape":2,"stat.craftItem.minecraft.blaze_powder":42,"stat.hopperInspected":3,"stat.useItem.minecraft.spawn_egg":12,"stat.useItem.excompressum.heavy_sieve":2,"stat.pickup.minecraft.ghast_tear":15,"stat.pickup.projectred-core.resource_item":6798,"stat.craftItem.minecraft.hardened_clay":1,"stat.pickup.exnihilocreatio.block_barrel0":1,"stat.craftItem.tconstruct.nuggets":27,"stat.craftItem.fluxnetworks.fluxplug":1,"stat.useItem.tp.cooked_apple":168,"stat.pickup.exnihilocreatio.block_barrel1":2,"stat.pickup.actuallyadditions.item_solidified_experience":18,"stat.mineBlock.exnihilocreatio.block_netherrack_crushed":2,"stat.craftItem.thermalfoundation.material":4,"stat.pickup.projecte.item.pe_philosophers_stone":2,"stat.pickup.minecraft.furnace":5,"stat.pickup.extrautils2.compressedsand":1,"stat.pickup.exnihilocreatio.item_ore_iron":13287,"stat.pickup.exnihilocreatio.item_ore_osmium":2453,"stat.pickup.minecraft.skull":32,"stat.useItem.minecraft.stone_stairs":3,"stat.mineBlock.extrautils2.passivegenerator":8,"stat.craftItem.minecraft.netherrack":3328,"stat.craftItem.excompressum.compressed_hammer_iron":15,"stat.craftItem.chickens.colored_egg":1,"stat.craftItem.exnihilocreatio.hammer_iron":141,"stat.pickup.chancecubes.chance_cube":232,"stat.pickup.minecraft.stone_stairs":4,"stat.useItem.betterbuilderswands.wanddiamond":4118,"stat.craftItem.mysticalagriculture.storage":1,"stat.pickup.exnihilocreatio.item_seed_carrot":55,"stat.craftItem.ironchest.iron_chest":6,"stat.pickup.minecraft.pumpkin_seeds":18,"stat.pickup.exnihilocreatio.item_ore_nickel":1473,"stat.craftItem.chisel.chisel_diamond":3,"stat.useItem.roost.roost":144,"stat.pickup.excompressum.compressed_hammer_iron":3,"stat.pickup.notenoughwands.acceleration_wand":6,"stat.pickup.cyclicmagic.entity_detector":1,"stat.playOneMinute":2174533,"stat.pickup.minecraft.blaze_rod":3,"stat.pickup.minecraft.iron_bars":6,"stat.pickup.minecraft.netherrack":7,"stat.pickup.enderio.block_fused_quartz":4,"stat.mineBlock.botania.specialflower":1,"stat.killEntity.PetRock":1,"stat.craftItem.fluxnetworks.fluxpoint":8,"stat.pickup.thaumcraft.crystal_vitium":1880,"stat.mineBlock.minecraft.netherrack":7,"stat.craftItem.minecraft.flint":304,"stat.useItem.exchangers.resonant_exchanger":97,"stat.pickup.chisel.concrete_gray":265,"stat.fallOneCm":30372,"stat.craftItem.notenoughwands.acceleration_wand":0,"stat.pickup.storagedrawers.upgrade_template":9,"stat.pickup.minecraft.melon_seeds":27,"stat.craftItem.minecraft.chest":104,"stat.useItem.minecraft.furnace":1,"stat.useItem.harvestcraft.epicbaconitem":42,"stat.mineBlock.minecraft.gravel":2,"stat.craftItem.chickens.spawn_egg":1,"stat.useItem.minecraft.wool":2,"stat.pickup.botania.specialflower":1,"stat.pickup.minecraft.flint_and_steel":1,"stat.useItem.minecraft.torch":7,"stat.craftItem.minecraft.redstone_block":8,"stat.pickup.malisisdoors.wood_sliding_door":5,"stat.pickup.minecraft.crafting_table":3,"stat.pickup.darkutils.ender_tether":1,"stat.craftItem.extrautils2.compressedgravel":2392,"stat.craftItem.minecraft.crafting_table":2,"stat.pickup.enderio.block_simple_alloy_smelter":1,"stat.mineBlock.mysticalagriculture.inferium_furnace":1,"stat.pickup.excompressum.bait":3,"stat.pickup.minecraft.log":445,"stat.pickup.betterbuilderswands.wanddiamond":5,"stat.mineBlock.storagedrawers.compdrawers":1,"stat.craftItem.betterbuilderswands.wanddiamond":35,"stat.pickup.minecraft.web":2,"stat.pickup.minecraft.sapling":103,"stat.pickup.roost.chicken":3,"stat.pickup.minecraft.wooden_door":1,"stat.pickup.extrautils2.spike_iron":14,"stat.pickup.extrautils2.trashcan":4,"stat.pickup.roost.catcher":1,"stat.mineBlock.stonechest.chest_cobblestone":12,"stat.craftItem.storagedrawers.tape":8,"stat.pickup.cyclicmagic.magnet_block":3,"stat.pickup.immersiveengineering.metal_device1":3,"stat.pickup.tconstruct.slime_boots":1,"stat.pickup.buildinggadgets.exchangertool":1,"stat.sneakTime":200142,"stat.useItem.projecte.item.pe_destruction_catalyst":49,"stat.mineBlock.extrautils2.compressedgravel":1776,"stat.pickup.minecraft.stone_slab":15,"stat.pickup.minecraft.yellow_flower":61,"stat.pickup.environmentaltech.void_ore_miner_cont_1":2,"stat.useItem.excompressum.compressed_hammer_iron":2781,"stat.pickup.minecraft.chest":1,"stat.pickup.minecraft.bone":10,"stat.craftItem.stonechest.part_cobblestone":40,"stat.craftItem.storagedrawers.drawer_key":1,"stat.mineBlock.minecraft.slime":9,"stat.mineBlock.actuallyadditions.block_misc":6,"stat.pickup.exnihilocreatio.item_ore_lead":3541,"stat.craftItem.extrautils2.compressedcobblestone":4770,"stat.swimOneCm":265889,"stat.mineBlock.minecraft.diamond_block":2,"stat.climbOneCm":316113,"stat.pickup.tp.reinforced_obsidian":19,"stat.pickup.exnihilocreatio.block_auto_sifter":1,"stat.pickup.thermalexpansion.machine":3,"stat.ae2.ItemsExtracted":6119,"stat.pickup.excompressum.auto_sieve":3,"stat.useItem.minecraft.dirt":187,"stat.mineBlock.extrautils2.spike_iron":30,"stat.useItem.notenoughwands.acceleration_wand":54777,"stat.craftItem.minecraft.quartz":24,"stat.pickup.excompressum.compressed_hammer_diamond":2,"stat.craftItem.minecraft.stone_pickaxe":1,"stat.pickup.minecraft.cobblestone":19962,"stat.pickup.exnihilocreatio.item_seed_cactus":1,"stat.pickup.minecraft.clay":99,"stat.pickup.minecraft.soul_sand":30,"stat.pickup.appliedenergistics2.material":2878,"stat.craftItem.extrautils2.compresseddirt":1623,"stat.craftItem.minecraft.wooden_slab":42,"stat.pickup.extrautils2.compressedgravel":86,"stat.mineBlock.openblocks.elevator":6,"stat.pickup.minecraft.redstone":2620,"stat.pickup.exnihilocreatio.hammer_stone":2,"stat.useItem.minecraft.sign":25,"stat.pickup.oreberries.gold_oreberry_bush":4,"stat.pickup.thaumcraft.crystal_ignis":1698,"stat.mineBlock.randomthings.fertilizeddirt":3,"stat.pickup.actuallyadditions.item_rice_seed":48,"stat.pickup.chisel.chisel_diamond":4,"stat.mineBlock.thermalfoundation.ore":9,"stat.mineBlock.chisel.concrete_lightgray1":3184,"stat.pickup.malisisdoors.hitechdoor":3,"stat.mineBlock.extrautils2.trashcan":4,"stat.mineBlock.tconstruct.stone_ladder":1,"stat.craftItem.exnihilocreatio.hammer_stone":56,"stat.craftItem.malisisdoors.wood_sliding_door":3,"stat.craftItem.minecraft.stone_slab2":1,"stat.pickup.exnihilocreatio.item_ore_aluminium":4361,"stat.pickup.thermalfoundation.tool.hammer_iron":2,"stat.pickup.actuallyadditions.item_misc":43,"stat.craftItem.tp.reinforced_obsidian_ingot":18,"stat.pickup.oreberries.aluminum_oreberry_bush":2,"stat.craftItem.minecraft.stick":612,"stat.useItem.extrautils2.passivegenerator":6,"stat.mineBlock.mekanism.oreblock":2,"stat.pickup.exnihilocreatio.block_netherrack_crushed":23729,"stat.pickup.exnihilocreatio.item_material":93,"stat.craftItem.minecraft.stone":801,"stat.craftItem.minecraft.gold_nugget":9,"stat.pickup.projectex.magnum_star_ein":2,"stat.mineBlock.minecraft.crafting_table":3,"stat.pickup.extrautils2.resonator":1,"stat.mineBlock.minecraft.quartz_block":1,"stat.useItem.chisel.concrete_gray1":2531,"stat.useItem.excompressum.compressed_hammer_stone":857,"stat.craftItem.minecraft.clay_ball":400,"stat.mineBlock.minecraft.planks":3,"stat.useItem.extrautils2.compressedsand":191,"stat.craftItem.minecraft.soul_sand":500,"stat.useItem.thermalfoundation.tool.hammer_invar":309,"stat.drop":1,"stat.craftItem.actuallyadditions.item_misc":96,"stat.pickup.draconicevolution.draconic_core":24,"stat.craftItem.harvestcraft.epicbaconitem":288,"stat.pickup.minecraft.slime_ball":75,"stat.mineBlock.chisel.concrete_gray":264,"stat.mineBlock.chisel.concrete_gray1":692,"stat.pickup.petrock.stoneium":20,"stat.craftItem.minecraft.piston":16,"stat.useItem.thermalfoundation.wrench":1,"stat.pickup.minecraft.gravel":44119,"stat.useItem.extrautils2.compressedcobblestone":1638,"stat.killEntity.Slime":1,"stat.pickup.openblocks.dev_null":1,"stat.pickup.exnihilocreatio.item_ore_tin":3434,"stat.pickup.exnihilocreatio.item_seed_sugarcane":26,"stat.pickup.tconstruct.hatchet":2,"stat.useItem.storagedrawers.basicdrawers":47,"stat.pickup.minecraft.brick":3,"stat.useItem.tp.birthday_pickaxe":37389,"stat.craftItem.bonsaitrees.bonsaipot":3,"stat.useItem.minecraft.stone_axe":1,"stat.pickup.mysticalagriculture.nether_essence":797,"stat.pickup.minecraft.spider_eye":1,"stat.pickup.exchangers.resonant_exchanger":1,"stat.pickup.actuallyadditions.block_misc":6,"stat.craftItem.stoneblockutilities.crook_stone":3,"stat.pickup.actuallyadditions.item_coffee_seed":43,"stat.mineBlock.tconstruct.tooltables":12,"stat.pickup.minecraft.leaves":1008,"stat.craftItem.fluxnetworks.fluxblock":1,"stat.mineBlock.minecraft.stone_stairs":4,"stat.pickup.minecraft.leather":2,"stat.mineBlock.minecraft.furnace":3,"stat.mineBlock.minecraft.mycelium":1,"stat.pickup.chisel.concrete_lightgray":74,"stat.pickup.mysticalagriculture.crafting":359,"stat.pickup.minecraft.reeds":49,"stat.pickup.exnihilocreatio.item_ore_silver":1629,"stat.killEntity.CaveSpider":6,"stat.pickup.mysticalagriculture.fertilized_essence":62,"stat.pickup.tconstruct.materials":52,"stat.damageDealt":18276,"stat.craftItem.minecraft.glass":82,"stat.pickup.tconstruct.stone_stick":8,"stat.pickup.actuallyadditions.item_canola_seed":53,"stat.mineBlock.excompressum.heavy_sieve":6,"stat.craftItem.minecraft.gravel":1575,"stat.killEntity.Pig":159,"stat.craftItem.translocators.translocator_part":88,"stat.pickup.minecraft.piston":2,"stat.walkOneCm":5684278,"stat.pickup.ceramics.clay_bucket":1,"stat.craftItem.excompressum.compressed_block":297,"stat.pickup.thermalfoundation.tool.hammer_invar":2,"stat.pickup.minecraft.stick":126,"stat.mineBlock.stoneblockutilities.stoneworkbench":1,"stat.pickup.mekanism.oreblock":2,"stat.pickup.minecraft.stone":144,"stat.mineBlock.minecraft.wool":54,"stat.pickup.actuallyadditions.item_spawner_changer":2,"stat.craftItem.minecraft.hay_block":461,"stat.craftItem.mysticalagriculture.inferium_furnace":2,"stat.killEntity.Skeleton":1,"stat.pickup.tp.reinforced_obsidian_ingot":37,"stat.pickup.minecraft.concrete_powder":198,"stat.mineBlock.chisel.concrete_white1":60,"stat.craftItem.roost.collector":3,"stat.craftItem.exnihilocreatio.block_barrel1":2,"stat.pickup.minecraft.quartz":664,"stat.craftItem.extrautils2.trashcan":2,"stat.pickup.minecraft.water_bucket":1,"stat.mineBlock.minecraft.leaves":1182,"stat.pickup.mysticalagriculture.supremium_boots":3,"stat.pickup.enderio.block_simple_sag_mill":3,"stat.mineBlock.tconstruct.seared":1,"stat.craftItem.minecraft.brick":8,"stat.craftItem.exnihilocreatio.item_mesh":126,"stat.mineBlock.minecraft.stone":17108,"stat.useItem.tconstruct.hatchet":505}