{"stat.craftItem.thermalfoundation.security":8,"stat.pickup.thermalfoundation.fertilizer":99,"stat.leaveGame":15,"stat.craftItem.thermalfoundation.wrench":1,"stat.craftItem.mysticalagriculture.infusion_crystal":2,"stat.drop.minecraft.gunpowder":5,"stat.craftItem.botania.lexicon":0,"stat.craftItem.excompressum.compressed_hammer_stone":2,"stat.useItem.chancecubes.chance_cube":54,"stat.craftItem.minecraft.ender_eye":0,"stat.mineBlock.appliedenergistics2.security_station":1,"stat.mineBlock.minecraft.web":6,"stat.drop.minecraft.coal_block":22,"stat.mineBlock.gravestone.gravestone":1,"stat.pickup.minecraft.rotten_flesh":351,"stat.pickup.excompressum.compressed_block":694,"stat.pickup.torchmaster.feral_flare_lantern":5,"stat.craftItem.minecraft.stone_axe":0,"stat.useItem.rftools.shape_card":6,"stat.craftItem.exnihilocreatio.block_netherrack_crushed":9,"stat.pickup.mysticalagriculture.chunk":4,"stat.craftItem.botania.storage":2,"stat.craftItem.excompressum.compressed_hammer_diamond":0,"stat.pickup.exnihilocreatio.item_ore_copper":667,"stat.mineBlock.minecraft.end_stone":4,"stat.craftItem.extrautils2.machine":0,"stat.craftItem.tp.diamond_cobblegen_block":2,"stat.pickup.mysticalagriculture.mystical_flower_essence":11,"stat.craftItem.appliedenergistics2.spatial_storage_cell_2_cubed":0,"stat.craftItem.minecraft.glass_pane":0,"stat.craftItem.draconicevolution.magnet":0,"stat.pickup.thermalfoundation.material":25,"stat.mineBlock.excompressum.auto_sieve":5,"stat.craftItem.mysticalagriculture.mystical_flower_seeds":0,"stat.furnaceInteraction":36,"stat.mineBlock.botania.flower":110,"stat.drop.chancecubes.silk_touch_pendant":1,"stat.craftItem.extrautils2.decorativesolidwood":19,"stat.craftItem.roost.breeder":0,"stat.useItem.minecraft.end_stone":3,"stat.pickup.botania.livingwood":125,"stat.craftItem.tp.emerald_cobblegen_block":1,"stat.pickup.chisel.concrete_white1":4,"stat.pickup.minecraft.beef":1,"stat.mineBlock.torchmaster.feral_flare_lantern":5,"stat.craftItem.enderio.block_fused_quartz":26,"stat.craftItem.mysticalagriculture.crafting":1261,"stat.pickup.exnihilocreatio.block_endstone_crushed":3738,"stat.pickup.mysticalagriculture.tier1_inferium_seeds":106,"stat.useItem.thermalexpansion.dynamo":11,"stat.craftItem.botania.fertilizer":42,"stat.useItem.botania.spreader":1,"stat.pickup.botania.rune":9,"stat.useItem.draconicevolution.crafting_injector":12,"stat.drop.mysticalagradditions.special":1,"stat.mineBlock.thermalexpansion.dynamo":4,"stat.craftItem.botania.pool":2,"stat.pickup.tp.iron_cobblegen_block":1,"stat.useItem.minecraft.wheat_seeds":14,"stat.pickup.thaumcraft.crystal_essence":1,"stat.craftItem.botania.runealtar":1,"stat.craftItem.draconicevolution.draconium_block":0,"stat.mineBlock.randomthings.fertilizeddirttilled":3,"stat.pickup.minecraft.emerald":35,"stat.useItem.botania.twigwand":46,"stat.useItem.minecraft.dye":63,"stat.mineBlock.enderstorage.ender_storage":2,"stat.deaths":1,"stat.pickup.tp.growth_block":1,"stat.pickup.actuallyadditions.item_dust":6,"stat.pickup.thaumcraft.crystal_terra":60,"stat.pickup.randomthings.advanceditemcollector":1,"stat.drop.minecraft.iron_ingot":19,"stat.mineBlock.thermalexpansion.machine":4,"stat.drop.notenoughwands.acceleration_wand":1,"stat.chestOpened":200,"stat.craftItem.roost.roost":0,"stat.useItem.minecraft.stone":246,"stat.useItem.extrautils2.flattransfernode":2,"stat.pickup.minecraft.arrow":3,"stat.craftItem.appliedenergistics2.part":0,"stat.craftItem.minecraft.coal":328,"stat.useItem.roost.breeder":1,"stat.craftItem.botania.flower":168,"stat.craftItem.thermalfoundation.fertilizer":128,"stat.crouchOneCm":65409,"stat.mineBlock.minecraft.chest":2,"stat.craftItem.minecraft.iron_ingot":10,"stat.pickup.chisel.concrete_gray1":20,"stat.craftItem.minecraft.hopper":0,"stat.craftingTableInteraction":26,"stat.drop.mysticalagriculture.master_infusion_crystal":1,"stat.useItem.minecraft.reeds":5,"stat.craftItem.minecraft.nether_brick":2,"stat.craftItem.draconicevolution.draconic_core":0,"stat.pickup.exnihilocreatio.item_ore_gold":333,"stat.pickup.minecraft.dye":32,"stat.pickup.minecraft.planks":188,"stat.craftItem.minecraft.diamond_shovel":2,"stat.pickup.minecraft.wheat_seeds":905,"stat.pickup.enderio.item_material":8,"stat.drop.mysticalagriculture.crafting":2,"stat.mineBlock.minecraft.glass":2,"stat.craftItem.roost.catcher":0,"stat.pickup.thermaldynamics.duct_16":2,"stat.mineBlock.mysticalagriculture.ultimate_furnace":1,"stat.mineBlock.minecraft.dirt":246,"stat.craftItem.enderio.item_alloy_nugget":18,"stat.craftItem.thermaldynamics.duct_16":0,"stat.pickup.exnihilocreatio.item_mesh":85,"stat.pickup.mysticalagriculture.nether_seeds":99,"stat.mineBlock.extrautils2.compresseddirt":128,"stat.craftItem.ironchest.iron_gold_chest_upgrade":0,"stat.useItem.minecraft.cobblestone":98,"stat.pickup.quantumflux.imaginarytime":2,"stat.pickup.stonechest.chest_cobblestone":18,"stat.craftItem.exnihilocreatio.block_sieve":0,"stat.mineBlock.enderio.block_industrial_insulation":76,"stat.craftItem.minecraft.gold_ingot":29,"stat.pickup.randomthings.timeinabottle":2,"stat.craftItem.draconicevolution.draconium_ingot":18,"stat.pickup.minecraft.apple":1,"stat.pickup.bigreactors.reactorcasing":1,"stat.craftItem.minecraft.bucket":1,"stat.craftItem.minecraft.planks":32,"stat.itemEnchanted":43,"stat.pickup.fluxnetworks.flux":5,"stat.pickup.extrautils2.filter":1,"stat.craftItem.minecraft.fishing_rod":1,"stat.useItem.excompressum.compressed_block":42,"stat.pickup.draconicevolution.diss_enchanter":3,"stat.mineBlock.minecraft.log":10,"stat.craftItem.minecraft.paper":33,"stat.craftItem.thermalexpansion.frame":1,"stat.pickup.minecraft.wool":269,"stat.pickup.extrautils2.pipe":12,"stat.craftItem.minecraft.cobblestone":3,"stat.pickup.harvestcraft.epicbaconitem":1,"stat.mineBlock.darkutils.trap_move":4,"stat.craftItem.excompressum.auto_sieve":0,"stat.craftItem.storagedrawers.basicdrawers":0,"stat.mineBlock.cookingforblockheads.sink":2,"stat.mineBlock.minecraft.cobblestone":77,"stat.useItem.minecraft.skull":97,"stat.mineBlock.minecraft.concrete":38,"stat.craftItem.enderio.item_alloy_ingot":41,"stat.craftItem.minecraft.wool":2,"stat.craftItem.minecraft.clock":0,"stat.craftItem.thermalexpansion.augment":2,"stat.drop.roost.catcher":1,"stat.pickup.minecraft.enchanted_book":1,"stat.craftItem.appliedenergistics2.chest":0,"stat.useItem.thermaldynamics.duct_16":25,"stat.drop.minecraft.cobblestone":2,"stat.useItem.openblocks.elevator":2,"stat.useItem.minecraft.stone_slab2":386,"stat.mineBlock.fluxnetworks.fluxplug":1,"stat.craftItem.mysticalagriculture.tier2_inferium_seeds":23,"stat.craftItem.minecraft.furnace":11,"stat.craftItem.minecraft.lapis_block":0,"stat.pickup.chisel.concrete_lightgray1":29,"stat.craftItem.exnihilocreatio.hammer_diamond":0,"stat.useItem.mekanism.basicblock2":11,"stat.pickup.projecte.relay_mk2":1,"stat.flyOneCm":999557,"stat.pickup.actuallyadditions.item_booklet":1,"stat.pickup.minecraft.fish":211,"stat.useItem.extrautils2.compressedgravel":81,"stat.useItem.thermaldynamics.duct_32":105,"stat.timeSinceDeath":1169178,"stat.mineBlock.fluxnetworks.fluxpoint":4,"stat.mineBlock.openblocks.auto_anvil":1,"stat.craftItem.minecraft.iron_block":0,"stat.mineBlock.botania.livingwood":125,"stat.pickup.thermalexpansion.dynamo":6,"stat.craftItem.fluxnetworks.fluxcore":0,"stat.mineBlock.minecraft.enchanting_table":3,"stat.pickup.thermaldynamics.duct_0":9,"stat.useItem.enderio.block_industrial_insulation":59,"stat.mineBlock.minecraft.coal_ore":10,"stat.craftItem.minecraft.stone_hoe":1,"stat.pickup.extrautils2.ingredients":16,"stat.pickup.botania.manaresource":26,"stat.pickup.minecraft.string":4,"stat.ae2.ItemsInserted":22823,"stat.craftItem.mysticalagriculture.master_infusion_crystal":2,"stat.pickup.storagedrawers.compdrawers":6,"stat.pickup.ae2wtlib.infinity_booster_card":11,"stat.craftItem.mysticalagriculture.supremium_leggings":0,"stat.pickup.thermaldynamics.duct_32":49,"stat.craftItem.tconstruct.tooltables":5,"stat.sprintOneCm":2837439,"stat.useItem.minecraft.diamond_block":3,"stat.craftItem.fluxnetworks.herculeanfluxstorage":0,"stat.mineBlock.extrautils2.machine":2,"stat.useItem.enderstorage.ender_storage":2,"stat.craftItem.mysticalagriculture.supremium_chestplate":0,"stat.pickup.thermaldynamics.filter":3,"stat.mineBlock.minecraft.diamond_ore":3,"stat.useItem.enderio.item_power_conduit":2,"stat.pickup.cookingforblockheads.sink":2,"stat.pickup.thaumcraft.crystal_aqua":18,"stat.pickup.minecraft.spawn_egg":2,"stat.useItem.storagedrawers.tape":12,"stat.craftItem.torchmaster.feral_flare_lantern":1,"stat.killEntity.Zombie":2,"stat.craftItem.minecraft.dye":582,"stat.craftItem.storagedrawers.compdrawers":0,"stat.diveOneCm":3506,"stat.pickup.minecraft.wheat":1108,"stat.craftItem.minecraft.sandstone":64,"stat.pickup.storagedrawers.basicdrawers":20,"stat.pickup.mysticalagriculture.ultimate_furnace":1,"stat.pickup.extrautils2.machine":2,"stat.mineBlock.tp.iron_cobblegen_block":1,"stat.craftItem.thermalexpansion.cache":26,"stat.craftItem.botania.altar":2,"stat.pickup.minecraft.obsidian":66,"stat.craftItem.thermalexpansion.machine":1,"stat.jump":1993,"stat.pickup.minecraft.coal":200,"stat.pickup.minecraft.iron_ingot":34,"stat.useItem.exnihilocreatio.item_seed_carrot":2,"stat.craftItem.minecraft.lever":0,"stat.drop.minecraft.diamond_sword":1,"stat.pickup.minecraft.gunpowder":1,"stat.mineBlock.roost.roost":2,"stat.mineBlock.chancecubes.giant_chance_cube":2,"stat.pickup.minecraft.dirt":2024,"stat.useItem.minecraft.glass":2,"stat.mineBlock.thermaldynamics.duct_32":39,"stat.damageTaken":2783,"stat.mineBlock.minecraft.torch":43,"stat.pickup.immersiveengineering.metal":237,"stat.mineBlock.minecraft.sapling":3,"stat.craftItem.minecraft.comparator":2,"stat.pickup.appliedenergistics2.biometric_card":3,"stat.craftItem.minecraft.glowstone":2,"stat.craftItem.hatchery.animalnet":0,"stat.mineBlock.excompressum.compressed_block":257,"stat.pickup.minecraft.concrete":34,"stat.useItem.forge.bucketfilled":24,"stat.craftItem.draconicevolution.diss_enchanter":0,"stat.craftItem.chancecubes.chance_pendant_tier2":0,"stat.pickup.minecraft.rabbit_hide":5,"stat.craftItem.chancecubes.chance_pendant_tier1":0,"stat.useItem.chisel.concrete_lightgray1":9,"stat.pickup.randomthings.fertilizeddirt":32,"stat.craftItem.chancecubes.chance_pendant_tier3":0,"stat.pickup.botania.altar":1,"stat.mineBlock.exnihilocreatio.block_barrel1":3,"stat.useItem.thermalexpansion.augment":4,"stat.killEntity.Silverfish":6,"stat.useItem.excompressum.compressed_hammer_diamond":648,"stat.drop.botania.petal":4,"stat.craftItem.minecraft.stone_slab":12,"stat.useItem.thermalfoundation.tool.hammer_diamond":431,"stat.useItem.minecraft.chest":1,"stat.useItem.chisel.concrete_white1":2,"stat.useItem.botania.spark":1,"stat.useItem.exnihilocreatio.hammer_iron":4,"stat.pickup.thaumcraft.crystal_aer":17,"stat.craftItem.draconicevolution.crafting_injector":0,"stat.craftItem.mysticalagriculture.supremium_boots":0,"stat.craftItem.randomthings.fertilizeddirt":256,"stat.craftItem.actuallyadditions.item_axe_quartz":0,"stat.craftItem.randomthings.itemcollector":0,"stat.pickup.minecraft.ender_pearl":128,"stat.craftItem.mysticalagriculture.nether_seeds":2,"stat.useItem.minecraft.concrete":6,"stat.useItem.minecraft.netherrack":7,"stat.pickup.translocators.translocator_part":3,"stat.craftItem.minecraft.bookshelf":0,"stat.craftItem.tp.cooked_apple":128,"stat.craftItem.draconicevolution.info_tablet":0,"stat.pickup.thaumcraft.crystal_perditio":11,"stat.craftItem.rftools.shape_card":0,"stat.useItem.botania.livingrock":5,"stat.mobKills":18,"stat.craftItem.appliedenergistics2.spatial_io_port":0,"stat.craftItem.fluxnetworks.flux":134,"stat.craftItem.botania.spreader":4,"stat.pickup.minecraft.diamond":15,"stat.pickup.ftbquests.lootcrate":11,"stat.craftItem.bigreactors.reactorglass":0,"stat.pickup.minecraft.torch":75,"stat.useItem.thermaldynamics.servo":4,"stat.craftItem.thermalfoundation.upgrade":4,"stat.pickup.thaumcraft.brain":2,"stat.craftItem.chancecubes.scanner":0,"stat.drop.mysticalagriculture.ultimate_furnace":1,"stat.drop.minecraft.diamond_shovel":2,"stat.pickup.roost.roost":2,"stat.useItem.extrautils2.compresseddirt":16,"stat.useItem.randomthings.timeinabottle":138,"stat.drop.enderstorage.ender_storage":1,"stat.pickup.botania.livingrock":130,"stat.pickup.appliedenergistics2.security_station":1,"stat.mineBlock.storagedrawers.basicdrawers":19,"stat.mineBlock.thaumcraft.ore_quartz":1,"stat.useItem.minecraft.soul_sand":127,"stat.pickup.thaumcraft.crystal_ordo":25,"stat.craftItem.appliedenergistics2.io_port":0,"stat.craftItem.enderio.block_enchanter":0,"stat.mineBlock.extrautils2.compressedcobblestone":192,"stat.useItem.fluxnetworks.fluxpoint":2,"stat.craftItem.appliedenergistics2.wireless_terminal":0,"stat.pickup.enderio.block_industrial_insulation":73,"stat.drop.projecte.relay_mk2":2,"stat.pickup.minecraft.glowstone_dust":1,"stat.pickup.enderstorage.ender_storage":2,"stat.mineBlock.immersiveengineering.ore":2,"stat.useItem.mysticalagradditions.tier6_inferium_seeds":19,"stat.pickup.minecraft.porkchop":3,"stat.pickup.minecraft.blaze_powder":1,"stat.useItem.thermalfoundation.upgrade":5,"stat.craftItem.hatchery.nest":2,"stat.useItem.minecraft.water_bucket":18,"stat.pickup.openblocks.elevator":4,"stat.pickup.minecraft.sand":1319,"stat.drop.appliedenergistics2.biometric_card":2,"stat.useItem.storagedrawers.compdrawers":8,"stat.craftItem.mekanism.basicblock":0,"stat.pickup.exnihilocreatio.item_pebble":185,"stat.craftItem.enderio.block_dark_steel_anvil":1,"stat.useItem.fluxnetworks.fluxplug":2,"stat.drop.roost.chicken":1,"stat.useItem.minecraft.ender_pearl":1,"stat.mineBlock.minecraft.sand":1,"stat.pickup.tconstruct.stone_ladder":1,"stat.hopperInspected":3,"stat.drop.minecraft.diamond":1,"stat.useItem.minecraft.spawn_egg":1,"stat.pickup.darkutils.shulker_pearl":2,"stat.pickup.projectred-core.resource_item":346,"stat.craftItem.minecraft.hardened_clay":5,"stat.craftItem.fluxnetworks.fluxplug":3,"stat.drop.harvestcraft.epicbaconitem":10,"stat.craftItem.enderio.item_material":163,"stat.useItem.tp.cooked_apple":15,"stat.craftItem.minecraft.name_tag":0,"stat.craftItem.storagedrawers.upgrade_template":0,"stat.pickup.exnihilocreatio.block_barrel1":3,"stat.mineBlock.enderio.block_dark_steel_anvil":1,"stat.craftItem.cookingforblockheads.sink":0,"stat.pickup.actuallyadditions.item_solidified_experience":82,"stat.craftItem.thermalfoundation.material":1450,"stat.pickup.projecte.item.pe_philosophers_stone":1,"stat.pickup.mysticalagradditions.stuff":12,"stat.pickup.thermalexpansion.cache":10,"stat.useItem.thermaldynamics.duct_0":15,"stat.pickup.exnihilocreatio.item_ore_iron":2530,"stat.pickup.minecraft.skull":80,"stat.pickup.exnihilocreatio.item_ore_osmium":340,"stat.craftItem.minecraft.netherrack":26977,"stat.pickup.fluxnetworks.fluxpoint":4,"stat.drop.wct.wct":1,"stat.pickup.chancecubes.chance_cube":4,"stat.craftItem.exnihilocreatio.hammer_iron":0,"stat.useItem.betterbuilderswands.wanddiamond":87,"stat.craftItem.appliedenergistics2.quartz_glass":0,"stat.pickup.thaumcraft.nugget":2,"stat.pickup.minecraft.pumpkin_seeds":1,"stat.mineBlock.quantumflux.imaginarytime":2,"stat.pickup.exnihilocreatio.item_ore_nickel":417,"stat.drop.chisel.concrete_gray":1,"stat.mineBlock.minecraft.soul_sand":2,"stat.craftItem.minecraft.heavy_weighted_pressure_plate":0,"stat.pickup.notenoughwands.acceleration_wand":2,"stat.useItem.hatchery.animalnet":4,"stat.playOneMinute":1184713,"stat.craftItem.appliedenergistics2.energy_cell":0,"stat.pickup.draconicevolution.fusion_crafting_core":1,"stat.craftItem.minecraft.diamond_block":0,"stat.pickup.minecraft.diamond_block":8,"stat.craftItem.mysticalagriculture.supremium_helmet":0,"stat.pickup.minecraft.netherrack":10,"stat.craftItem.fluxnetworks.fluxpoint":12,"stat.craftItem.thermalexpansion.device":0,"stat.pickup.cyclicmagic.block_anvil":2,"stat.craftItem.openblocks.auto_anvil":0,"stat.pickup.thaumcraft.crystal_vitium":23,"stat.craftItem.minecraft.carpet":3,"stat.craftItem.appliedenergistics2.material":0,"stat.mineBlock.minecraft.netherrack":19,"stat.pickup.chisel.concrete_gray":1,"stat.craftItem.minecraft.iron_nugget":99,"stat.fallOneCm":8320,"stat.pickup.mekanism.basicblock2":2,"stat.pickup.minecraft.melon_seeds":2,"stat.craftItem.minecraft.chest":44,"stat.craftItem.appliedenergistics2.dense_energy_cell":0,"stat.mineBlock.botania.livingrock":130,"stat.pickup.thermalexpansion.device":3,"stat.drop.chisel.concrete_lightgray1":3,"stat.useItem.harvestcraft.epicbaconitem":48,"stat.craftItem.wct.wct":0,"stat.craftItem.draconicevolution.wyvern_core":0,"stat.killEntity.Rabbit":2,"stat.useItem.actuallyadditions.item_axe_quartz":128,"stat.pickup.botania.specialflower":2,"stat.useItem.minecraft.torch":36,"stat.craftItem.minecraft.redstone_block":4,"stat.useItem.minecraft.log":104,"stat.craftItem.minecraft.crafting_table":5,"stat.craftItem.extrautils2.compressedgravel":128,"stat.craftItem.extrautils2.filter":0,"stat.pickup.enderio.block_simple_alloy_smelter":1,"stat.mineBlock.minecraft.emerald_ore":2,"stat.pickup.minecraft.log":10,"stat.useItem.botania.specialflower":4,"stat.pickup.thermalfoundation.tool.hammer_diamond":3,"stat.mineBlock.storagedrawers.compdrawers":5,"stat.useItem.mysticalagriculture.soulium_dagger":38,"stat.craftItem.projecte.item.pe_fuel":0,"stat.pickup.minecraft.web":107,"stat.pickup.minecraft.sapling":5,"stat.pickup.roost.chicken":5,"stat.drop.chancecubes.chance_pendant_tier3":1,"stat.craftItem.appliedenergistics2.security_station":0,"stat.craftItem.thermalexpansion.capacitor":0,"stat.pickup.extrautils2.spike_iron":31,"stat.pickup.extrautils2.trashcan":5,"stat.pickup.roost.catcher":1,"stat.mineBlock.stonechest.chest_cobblestone":18,"stat.craftItem.thermaldynamics.duct_0":0,"stat.craftItem.hatchery.pen":0,"stat.craftItem.mekanismtools.lapislazulichestplate":2,"stat.useItem.minecraft.stone_hoe":19,"stat.craftItem.minecraft.sugar":0,"stat.craftItem.actuallyadditions.item_sword_emerald":0,"stat.sneakTime":85649,"stat.mineBlock.thaumcraft.crystal_perditio":1,"stat.drop.actuallyadditions.item_sword_emerald":1,"stat.pickup.minecraft.rabbit":7,"stat.drop.minecraft.bucket":1,"stat.craftItem.botania.twigwand":2,"stat.mineBlock.extrautils2.compressedgravel":193,"stat.pickup.minecraft.chest":2,"stat.craftItem.minecraft.enchanting_table":0,"stat.useItem.mysticalagriculture.tier1_inferium_seeds":25,"stat.useItem.minecraft.lapis_block":3,"stat.pickup.minecraft.bone":2,"stat.craftItem.botania.petal":368,"stat.craftItem.fluxnetworks.fluxstorage":0,"stat.pickup.exnihilocreatio.item_ore_lead":497,"stat.craftItem.extrautils2.compressedcobblestone":128,"stat.swimOneCm":17287,"stat.mineBlock.minecraft.diamond_block":4,"stat.climbOneCm":47540,"stat.craftItem.minecraft.gold_block":0,"stat.pickup.thermalexpansion.machine":9,"stat.useItem.mysticalagriculture.nether_seeds":23,"stat.craftItem.botania.terraplate":2,"stat.ae2.ItemsExtracted":8395,"stat.pickup.excompressum.auto_sieve":5,"stat.useItem.minecraft.dirt":5,"stat.craftItem.storagedrawers.upgrade_storage":0,"stat.useItem.botania.fertilizer":39,"stat.pickup.minecraft.enchanting_table":3,"stat.useItem.notenoughwands.acceleration_wand":13150,"stat.pickup.minecraft.anvil":1,"stat.drop.minecraft.ender_pearl":1,"stat.pickup.minecraft.cobblestone":5129,"stat.mineBlock.mekanism.basicblock2":2,"stat.pickup.minecraft.clay":8,"stat.pickup.minecraft.glass_bottle":2,"stat.pickup.minecraft.soul_sand":66,"stat.pickup.appliedenergistics2.material":7,"stat.drop.minecraft.wheat_seeds":1,"stat.craftItem.extrautils2.compresseddirt":64,"stat.pickup.minecraft.cactus":2,"stat.pickup.extrautils2.compressedgravel":1,"stat.mineBlock.openblocks.elevator":3,"stat.craftItem.minecraft.book":0,"stat.mineBlock.minecraft.iron_ore":2,"stat.mineBlock.randomthings.fertilizeddirt":3,"stat.pickup.thaumcraft.crystal_ignis":14,"stat.pickup.minecraft.mutton":8,"stat.craftItem.tp.blaze_cobblegen_block":2,"stat.drop.minecraft.coal":1,"stat.mineBlock.thermalfoundation.ore":4,"stat.craftItem.appliedenergistics2.biometric_card":0,"stat.pickup.minecraft.iron_shovel":1,"stat.pickup.minecraft.diamond_shovel":1,"stat.mineBlock.chisel.concrete_lightgray1":26,"stat.craftItem.enderio.block_alloy_smelter":2,"stat.mineBlock.extrautils2.trashcan":8,"stat.mineBlock.thermalexpansion.device":3,"stat.pickup.openblocks.trophy":2,"stat.mineBlock.tconstruct.stone_ladder":1,"stat.craftItem.minecraft.brick_block":0,"stat.craftItem.exnihilocreatio.hammer_stone":9,"stat.craftItem.minecraft.stone_slab2":0,"stat.pickup.exnihilocreatio.item_ore_aluminium":553,"stat.pickup.minecraft.nether_star":32,"stat.craftItem.botania.manaresource":6,"stat.craftItem.thermaldynamics.duct_32":96,"stat.pickup.openblocks.auto_anvil":1,"stat.useItem.extrautils2.passivegenerator":3,"stat.craftItem.minecraft.stick":32,"stat.craftItem.thermalinnovation.magnet":0,"stat.craftItem.thermalexpansion.dynamo":0,"stat.pickup.exnihilocreatio.block_netherrack_crushed":6792,"stat.pickup.exnihilocreatio.item_material":48,"stat.pickup.fluxnetworks.fluxplug":1,"stat.craftItem.minecraft.stone":552,"stat.useItem.chisel.concrete_gray1":5,"stat.killEntity.Endermite":6,"stat.mineBlock.enderio.block_simple_alloy_smelter":1,"stat.useItem.excompressum.compressed_hammer_stone":129,"stat.craftItem.minecraft.clay_ball":12,"stat.useItem.randomthings.fertilizeddirt":254,"stat.pickup.botania.flower":111,"stat.drop":100,"stat.useItem.thermalfoundation.tool.hammer_invar":36,"stat.craftItem.actuallyadditions.item_misc":3,"stat.craftItem.minecraft.diamond_pickaxe":0,"stat.craftItem.extrautils2.flattransfernode":8,"stat.mineBlock.chisel.concrete_gray1":20,"stat.useItem.mysticalagriculture.tier2_inferium_seeds":21,"stat.useItem.thermaldynamics.filter":26,"stat.useItem.fluxnetworks.fluxstorage":1,"stat.craftItem.mekanism.basicblock2":10,"stat.craftItem.minecraft.piston":1,"stat.useItem.thermalfoundation.security":18,"stat.useItem.thermalfoundation.wrench":54,"stat.pickup.minecraft.gravel":1728,"stat.useItem.extrautils2.compressedcobblestone":82,"stat.mineBlock.minecraft.anvil":1,"stat.mineBlock.tconstruct.smeltery_controller":1,"stat.useItem.minecraft.apple":3,"stat.pickup.extrautils2.user":3,"stat.pickup.exnihilocreatio.item_ore_tin":521,"stat.pickup.exnihilocreatio.item_seed_sugarcane":2,"stat.useItem.storagedrawers.basicdrawers":3,"stat.useItem.tp.birthday_pickaxe":948,"stat.craftItem.bonsaitrees.bonsaipot":2,"stat.useItem.minecraft.stone_axe":17,"stat.pickup.mysticalagriculture.nether_essence":3004,"stat.craftItem.projecte.item.pe_matter":0,"stat.craftItem.mysticalagriculture.gear":0,"stat.craftItem.fluxnetworks.fluxblock":97,"stat.craftItem.randomthings.timeinabottle":0,"stat.craftItem.minecraft.iron_bars":16,"stat.pickup.minecraft.leather":452,"stat.craftItem.botania.spark":2,"stat.mineBlock.extrautils2.user":3,"stat.pickup.mysticalagriculture.crafting":5623,"stat.pickup.minecraft.reeds":410,"stat.pickup.exnihilocreatio.item_ore_silver":515,"stat.pickup.mysticalagriculture.fertilized_essence":132,"stat.craftItem.storagedrawers.controller":1,"stat.damageDealt":1656,"stat.craftItem.minecraft.glass":596,"stat.craftItem.minecraft.cauldron":2,"stat.craftItem.minecraft.anvil":0,"stat.killEntity.Pig":1,"stat.walkOneCm":2606598,"stat.craftItem.excompressum.compressed_block":3279,"stat.pickup.minecraft.stick":64,"stat.craftItem.thermaldynamics.filter":21,"stat.drop.appliedenergistics2.material":7,"stat.craftItem.thermaldynamics.servo":0,"stat.pickup.draconicevolution.crafting_injector":22,"stat.mineBlock.thermaldynamics.duct_0":10,"stat.mineBlock.botania.altar":1,"stat.pickup.bigreactors.ingotmetals":10,"stat.craftItem.openblocks.elevator":0,"stat.craftItem.minecraft.writable_book":0,"stat.craftItem.randomthings.advanceditemcollector":0,"stat.pickup.minecraft.stone":341,"stat.mineBlock.minecraft.wool":282,"stat.craftItem.minecraft.hay_block":6,"stat.useItem.minecraft.leaves":6,"stat.pickup.minecraft.air":0,"stat.pickup.thermaldynamics.servo":11,"stat.killEntity.Skeleton":1,"stat.mineBlock.minecraft.cactus":2,"stat.pickup.minecraft.netherbrick":9,"stat.mineBlock.cyclicmagic.block_anvil":2,"stat.craftItem.ironchest.wood_iron_chest_upgrade":0,"stat.useItem.extrautils2.decorativesolidwood":18,"stat.mineBlock.minecraft.quartz_ore":1,"stat.mineBlock.chisel.concrete_white1":4,"stat.pickup.mysticalagradditions.tier6_inferium_seeds":1,"stat.drop.openblocks.elevator":2,"stat.pickup.minecraft.quartz":2,"stat.pickup.storagedrawers.upgrade_storage":5,"stat.pickup.minecraft.water_bucket":1,"stat.mineBlock.minecraft.leaves":20,"stat.mineBlock.minecraft.redstone_ore":1,"stat.mineBlock.tconstruct.casting":4,"stat.craftItem.draconicevolution.fusion_crafting_core":0,"stat.pickup.enderio.block_dark_steel_anvil":1,"stat.craftItem.minecraft.brick":140,"stat.mineBlock.minecraft.stone":4478,"stat.useItem.darkutils.trap_move":2}