{"stat.pickup.harvestcraft.epicbaconitem":19,"stat.killEntity.PetRock":1,"stat.pickup.fluxnetworks.fluxstorage":1,"stat.pickup.minecraft.bone":5,"stat.craftItem.tconstruct.stone_ladder":54,"stat.leaveGame":3,"stat.pickup.minecraft.gravel":3,"stat.mineBlock.minecraft.cobblestone":6,"stat.useItem.minecraft.apple":4,"stat.mineBlock.actuallyadditions.block_misc":11,"stat.pickup.stoneblockutilities.stoneworkbench":1,"stat.useItem.chancecubes.chance_cube":7,"stat.mineBlock.appliedenergistics2.quartz_ore":16,"stat.jump":591,"stat.pickup.minecraft.coal":20,"stat.climbOneCm":322853,"stat.drop.exnihilocreatio.item_pebble":1,"stat.fallOneCm":3491,"stat.mineBlock.thaumcraft.ore_amber":2,"stat.drop.minecraft.stone_sword":1,"stat.crouchOneCm":8670,"stat.mineBlock.gravestone.gravestone":3,"stat.pickup.minecraft.dirt":6,"stat.useItem.minecraft.stone_slab2":12,"stat.pickup.actuallyadditions.block_misc":15,"stat.useItem.tconstruct.stone_ladder":232,"stat.pickup.actuallyadditions.block_phantomface":6,"stat.pickup.minecraft.rotten_flesh":3,"stat.pickup.thermalfoundation.ore":18,"stat.useItem.minecraft.sapling":1,"stat.damageTaken":1403,"stat.pickup.thermalfoundation.tome_lexicon":3,"stat.craftItem.minecraft.stone_pickaxe":7,"stat.mineBlock.minecraft.torch":5,"stat.pickup.exnihilocreatio.item_pebble":21,"stat.useItem.harvestcraft.epicbaconitem":5,"stat.pickup.minecraft.cobblestone":710,"stat.pickup.minecraft.magma_cream":4,"stat.mineBlock.minecraft.sapling":1,"stat.useItem.exnihilocreatio.hammer_stone":237,"stat.flyOneCm":5219,"stat.pickup.appliedenergistics2.material":22,"stat.pickup.actuallyadditions.item_booklet":1,"stat.useItem.minecraft.stone_pickaxe":650,"stat.pickup.tconstruct.stone_ladder":56,"stat.useItem.minecraft.stone_sword":41,"stat.mineBlock.minecraft.end_stone":17,"stat.damageDealt":1247,"stat.timeSinceDeath":72016,"stat.pickup.exnihilocreatio.hammer_stone":6,"stat.killEntity.Silverfish":2,"stat.drop.minecraft.diamond":2,"stat.useItem.minecraft.iron_pickaxe":12,"stat.mineBlock.minecraft.dirt":6,"stat.entityKilledBy.LavaSlime":1,"stat.walkOneCm":289843,"stat.useItem.minecraft.torch":34,"stat.pickup.minecraft.stick":19,"stat.pickup.enderio.item_basic_capacitor":12,"stat.mineBlock.stoneblockutilities.stoneworkbench":1,"stat.pickup.thermalfoundation.material":4,"stat.mineBlock.thermalfoundation.ore":18,"stat.useItem.minecraft.cobblestone":8,"stat.mineBlock.chancecubes.chance_cube":8,"stat.furnaceInteraction":7,"stat.mineBlock.minecraft.coal_ore":21,"stat.killEntity.LavaSlime":2,"stat.pickup.actuallyadditions.item_solidified_experience":2,"stat.pickup.extrautils2.crafter":2,"stat.mineBlock.tconstruct.stone_ladder":11,"stat.pickup.minecraft.iron_pickaxe":1,"stat.craftItem.exnihilocreatio.hammer_stone":3,"stat.pickup.minecraft.stone":62,"stat.craftItem.tconstruct.stone_stick":132,"stat.pickup.minecraft.sapling":46,"stat.sprintOneCm":19991,"stat.pickup.minecraft.apple":4,"stat.useItem.tconstruct.stone_torch":2,"stat.pickup.minecraft.skull":7,"stat.craftItem.minecraft.stick":12,"stat.pickup.minecraft.end_stone":17,"stat.pickup.extrautils2.passivegenerator":12,"stat.pickup.chancecubes.chance_cube":18,"stat.killEntity.Spider":1,"stat.craftItem.stoneblockutilities.stoneworkbench":1,"stat.pickup.minecraft.stone_sword":3,"stat.craftItem.tconstruct.stone_torch":24,"stat.mobKills":12,"stat.pickup.minecraft.spawn_egg":1,"stat.deaths":3,"stat.drop":4,"stat.pickup.minecraft.diamond":2,"stat.pickup.ftbquests.lootcrate":2,"stat.playOneMinute":101033,"stat.craftItem.actuallyadditions.item_misc":8,"stat.entityKilledBy.Silverfish":1,"stat.pickup.minecraft.torch":37,"stat.pickup.buildinggadgets.exchangertool":1,"stat.pickup.thaumcraft.brain":4,"stat.sneakTime":22110,"stat.pickup.thaumcraft.amber":3,"stat.pickup.minecraft.item_frame":3,"stat.killEntity.Zombie":1,"stat.mineBlock.minecraft.stone":743,"stat.craftItem.minecraft.cobblestone":4,"stat.pickup.ftbquests.book":3}