{"stat.leaveGame":2,"stat.killEntity.Ozelot":1,"stat.drop.minecraft.redstone":16,"stat.mineBlock.enderio.block_simple_sag_mill":1,"stat.craftItem.excompressum.compressed_hammer_stone":5,"stat.craftItem.enderio.item_item_conduit":80,"stat.drop.exchangers.resonant_exchanger":1,"stat.mineBlock.extrautils2.compressedcobblestone":42,"stat.drop.minecraft.skull":2,"stat.pickup.tconstruct.faucet":1,"stat.useItem.exnihilocreatio.block_netherrack_crushed":4,"stat.craftItem.exnihilocreatio.block_dust":405,"stat.pickup.minecraft.glowstone_dust":1,"stat.mineBlock.gravestone.gravestone":4,"stat.craftItem.enderio.item_liquid_conduit":40,"stat.useItem.minecraft.water_bucket":3,"stat.pickup.exnihilocreatio.block_dust":693,"stat.useItem.minecraft.diamond_hoe":1,"stat.pickup.minecraft.sand":839,"stat.pickup.excompressum.compressed_block":46,"stat.craftItem.minecraft.golden_apple":0,"stat.drop.appliedenergistics2.biometric_card":1,"stat.pickup.minecraft.cobblestone_wall":12,"stat.craftItem.minecraft.cobblestone_wall":18,"stat.pickup.mysticalagriculture.chunk":1,"stat.useItem.minecraft.ender_pearl":1,"stat.mineBlock.minecraft.sand":2,"stat.craftItem.extrautils2.machine":8,"stat.craftItem.mysticalagriculture.fire_seeds":0,"stat.craftItem.minecraft.blaze_powder":6,"stat.craftItem.minecraft.elytra":0,"stat.hopperInspected":3,"stat.craftItem.enderio.block_fused_glass":3,"stat.pickup.exnihilocreatio.block_barrel0":2,"stat.pickup.minecraft.light_weighted_pressure_plate":1,"stat.useItem.tp.cooked_apple":18,"stat.mineBlock.chancecubes.chance_cube":1,"stat.furnaceInteraction":15,"stat.craftItem.extrautils2.opinium":0,"stat.craftItem.storagedrawers.upgrade_template":16,"stat.pickup.exnihilocreatio.block_barrel1":4,"stat.drop.draconicevolution.draconic_bow":2,"stat.pickup.draconicevolution.wyvern_core":9,"stat.mineBlock.exnihilocreatio.block_netherrack_crushed":5,"stat.craftItem.thermalfoundation.material":90,"stat.craftItem.tp.birthday_pickaxe":2,"stat.useItem.extrautils2.pipe":51,"stat.craftItem.enderio.block_fused_quartz":9,"stat.craftItem.mysticalagriculture.crafting":0,"stat.pickup.extrautils2.compressedsand":30,"stat.pickup.minecraft.skull":3,"stat.mineBlock.extrautils2.passivegenerator":4,"stat.pickup.tp.iron_cobblegen_block":1,"stat.useItem.minecraft.flint_and_steel":11,"stat.craftItem.minecraft.sand":207,"stat.craftItem.appliedenergistics2.certus_quartz_sword":1,"stat.pickup.cyclicmagic.tool_torch_launcher":3,"stat.drop.tconstruct.faucet":1,"stat.craftItem.exnihilocreatio.item_ore_lead":16,"stat.pickup.notenoughwands.acceleration_wand":9,"stat.deaths":4,"stat.pickup.actuallyadditions.item_dust":1,"stat.playOneMinute":551251,"stat.pickup.cyclicmagic.battery":1,"stat.pickup.enderio.item_liquid_conduit":11,"stat.drop.tp.birthday_pickaxe":1,"stat.pickup.draconicevolution.draconium_ingot":43,"stat.pickup.minecraft.netherrack":15,"stat.mineBlock.thermalexpansion.machine":14,"stat.drop.notenoughwands.acceleration_wand":6,"stat.pickup.enderio.block_fused_quartz":8,"stat.pickup.draconicevolution.draconic_chest":2,"stat.chestOpened":100,"stat.killEntity.PetRock":1,"stat.craftItem.minecraft.light_weighted_pressure_plate":1,"stat.useItem.minecraft.stone":25,"stat.drop.cyclicmagic.tool_torch_launcher":1,"stat.mineBlock.minecraft.netherrack":5,"stat.useItem.betterbuilderswands.wandstone":36,"stat.craftItem.minecraft.coal":37,"stat.fallOneCm":9398,"stat.pickup.enderio.item_alloy_ingot":4,"stat.crouchOneCm":7569,"stat.craftItem.minecraft.chest":12,"stat.craftItem.minecraft.iron_ingot":63,"stat.craftingTableInteraction":55,"stat.drop.minecraft.bone":5,"stat.drop.thermalfoundation.tool.hammer_iron":1,"stat.useItem.harvestcraft.epicbaconitem":5,"stat.pickup.minecraft.dye":1,"stat.craftItem.extrautils2.ingredients":1,"stat.pickup.enderio.item_material":160,"stat.craftItem.extrautils2.pipe":64,"stat.drop.avaritia.skullfire_sword":2,"stat.mineBlock.minecraft.dirt":5,"stat.craftItem.enderio.item_alloy_nugget":36,"stat.pickup.draconicevolution.draconic_bow":2,"stat.craftItem.avaritia.resource":0,"stat.craftItem.draconicevolution.dislocator":0,"stat.mineBlock.extrautils2.compresseddirt":93,"stat.useItem.extrautils2.grocket":11,"stat.craftItem.minecraft.redstone_block":3,"stat.useItem.minecraft.cobblestone":194,"stat.craftItem.extrautils2.compressedgravel":68,"stat.craftItem.minecraft.crafting_table":1,"stat.pickup.enderio.block_simple_alloy_smelter":1,"stat.pickup.extrautils2.grocket":12,"stat.pickup.minecraft.log":10,"stat.useItem.tconstruct.pickaxe":91,"stat.craftItem.minecraft.gold_ingot":18,"stat.pickup.minecraft.sapling":7,"stat.pickup.minecraft.apple":2,"stat.drop.minecraft.clay":5,"stat.drop.minecraft.fish":1,"stat.craftItem.minecraft.bucket":8,"stat.craftItem.minecraft.planks":252,"stat.pickup.torchmaster.mega_torch":1,"stat.useItem.exnihilocreatio.block_crucible":9,"stat.useItem.excompressum.compressed_block":44,"stat.mineBlock.minecraft.log":10,"stat.pickup.harvestcraft.dragonfruit_sapling":4,"stat.pickup.immersiveengineering.metal_device1":1,"stat.craftItem.thermalexpansion.frame":2,"stat.sneakTime":8967,"stat.mineBlock.minecraft.cobblestone_wall":17,"stat.mineBlock.extrautils2.compressedgravel":68,"stat.pickup.extrautils2.pipe":59,"stat.cakeSlicesEaten":1,"stat.pickup.harvestcraft.epicbaconitem":62,"stat.pickup.minecraft.bone":5,"stat.craftItem.storagedrawers.basicdrawers":5,"stat.mineBlock.minecraft.cobblestone":344,"stat.pickup.draconicevolution.draconic_ingot":39,"stat.craftItem.enderio.item_alloy_ingot":21,"stat.craftItem.extrautils2.compressedcobblestone":42,"stat.swimOneCm":5287,"stat.climbOneCm":32524,"stat.craftItem.minecraft.gold_block":0,"stat.pickup.thermalexpansion.machine":14,"stat.ae2.ItemsExtracted":4912,"stat.useItem.minecraft.dirt":5,"stat.useItem.minecraft.stone_slab2":91,"stat.craftItem.storagedrawers.upgrade_storage":5,"stat.craftItem.minecraft.furnace":2,"stat.pickup.chisel.concrete_lightgray1":12,"stat.useItem.notenoughwands.acceleration_wand":1553,"stat.drop.minecraft.ender_pearl":5,"stat.pickup.minecraft.cobblestone":1137,"stat.pickup.minecraft.gold_block":67,"stat.craftItem.cyclicmagic.battery":1,"stat.useItem.exnihilocreatio.hammer_stone":334,"stat.flyOneCm":542373,"stat.pickup.minecraft.clay":108,"stat.pickup.minecraft.glass_bottle":16,"stat.pickup.appliedenergistics2.material":90,"stat.pickup.minecraft.fish":6,"stat.useItem.extrautils2.compressedgravel":66,"stat.pickup.draconicevolution.draconic_legs":2,"stat.craftItem.extrautils2.compresseddirt":93,"stat.craftItem.extrautils2.grocket":25,"stat.craftItem.tp.reinforced_obsidian":4,"stat.pickup.minecraft.redstone":8,"stat.craftItem.minecraft.emerald_block":0,"stat.timeSinceDeath":27533,"stat.drop.minecraft.coal":2,"stat.drop.enderio.block_simple_alloy_smelter":1,"stat.pickup.draconicevolution.draconic_helm":2,"stat.ae2.ItemsInserted":3737,"stat.craftItem.exnihilocreatio.hammer_stone":49,"stat.craftItem.minecraft.stone_slab2":0,"stat.pickup.minecraft.nether_star":8,"stat.craftItem.tconstruct.tooltables":1,"stat.sprintOneCm":754882,"stat.craftItem.tp.reinforced_obsidian_ingot":36,"stat.craftItem.minecraft.stick":212,"stat.useItem.extrautils2.passivegenerator":6,"stat.pickup.extrautils2.passivegenerator":8,"stat.pickup.exnihilocreatio.block_netherrack_crushed":10,"stat.craftItem.minecraft.stone":85,"stat.pickup.extrautils2.resonator":1,"stat.useItem.excompressum.compressed_hammer_stone":273,"stat.mineBlock.enderio.block_simple_alloy_smelter":1,"stat.pickup.draconicevolution.dislocator_advanced":1,"stat.craftItem.minecraft.clay_ball":160,"stat.useItem.extrautils2.crafter":1,"stat.craftItem.mysticalagriculture.water_seeds":0,"stat.pickup.minecraft.spawn_egg":1,"stat.useItem.extrautils2.compressedsand":97,"stat.useItem.thermalfoundation.tool.hammer_invar":56,"stat.drop":59,"stat.craftItem.minecraft.leather_chestplate":0,"stat.craftItem.minecraft.emerald":0,"stat.mineBlock.extrautils2.compressedsand":100,"stat.pickup.minecraft.iron_block":64,"stat.craftItem.exnihilocreatio.item_ore_copper":16,"stat.diveOneCm":2337,"stat.craftItem.chesttransporter.chesttransporter":1,"stat.craftItem.minecraft.piston":1,"stat.mineBlock.tp.iron_cobblegen_block":1,"stat.pickup.minecraft.gravel":680,"stat.useItem.extrautils2.compressedcobblestone":40,"stat.craftItem.betterbuilderswands.wandstone":1,"stat.useItem.minecraft.apple":1,"stat.mineBlock.extrautils2.resonator":1,"stat.mineBlock.cyclicmagic.battery":1,"stat.craftItem.thermalexpansion.machine":2,"stat.craftItem.exnihilocreatio.block_crucible":26,"stat.useItem.minecraft.sand":2,"stat.jump":1975,"stat.pickup.tp.birthday_pickaxe":3,"stat.pickup.minecraft.coal":4,"stat.useItem.tp.birthday_pickaxe":245,"stat.drop.enderio.block_fused_quartz":4,"stat.pickup.minecraft.gunpowder":1,"stat.pickup.minecraft.dirt":618,"stat.drop.thermalfoundation.tool.hammer_invar":1,"stat.craftItem.minecraft.flint_and_steel":1,"stat.pickup.draconicevolution.draconic_boots":2,"stat.damageTaken":3033,"stat.craftItem.minecraft.iron_bars":16,"stat.mineBlock.torchmaster.mega_torch":1,"stat.mineBlock.minecraft.torch":42,"stat.useItem.enderio.item_liquid_conduit":22,"stat.pickup.appliedenergistics2.biometric_card":1,"stat.pickup.exnihilocreatio.item_ore_silver":64,"stat.mineBlock.excompressum.compressed_block":46,"stat.pickup.minecraft.potato":1,"stat.craftItem.extrautils2.compressedsand":93,"stat.drop.tp.cooked_apple":1,"stat.damageDealt":624,"stat.craftItem.minecraft.glass":64,"stat.mineBlock.exnihilocreatio.block_barrel1":4,"stat.mineBlock.exnihilocreatio.block_barrel0":2,"stat.craftItem.minecraft.stone_slab":24,"stat.craftItem.minecraft.stone_shovel":1,"stat.walkOneCm":574706,"stat.craftItem.excompressum.compressed_block":45,"stat.useItem.minecraft.chest":1,"stat.playerKills":3,"stat.pickup.thermalfoundation.tool.hammer_invar":1,"stat.craftItem.exnihilocreatio.item_material":112,"stat.pickup.appliedenergistics2.quartz_glass":24,"stat.pickup.avaritia.skullfire_sword":2,"stat.craftItem.minecraft.wheat":0,"stat.pickup.minecraft.ender_pearl":8,"stat.pickup.minecraft.air":0,"stat.useItem.minecraft.netherrack":13,"stat.pickup.translocators.translocator_part":1,"stat.craftItem.exnihilocreatio.item_ore_tin":16,"stat.pickup.extrautils2.drum":1,"stat.craftItem.tp.cooked_apple":42,"stat.craftItem.exnihilocreatio.block_barrel1":3,"stat.mobKills":1,"stat.pickup.minecraft.quartz":18,"stat.useItem.minecraft.cobblestone_wall":17,"stat.pickup.minecraft.diamond":2,"stat.pickup.minecraft.torch":47,"stat.pickup.enderio.block_simple_sag_mill":1,"stat.mineBlock.tconstruct.casting":2,"stat.craftItem.exnihilocreatio.item_ore_silver":16,"stat.craftItem.thermalfoundation.tool.hammer_iron":2,"stat.mineBlock.minecraft.stone":599,"stat.useItem.extrautils2.compresseddirt":90,"stat.useItem.enderio.item_item_conduit":11,"stat.pickup.ftbquests.book":2}