{"stat.craftItem.mysticalagradditions.nether_star_seeds":0,"stat.pickup.extrautils2.redorchid":2,"stat.craftItem.excompressum.compressed_hammer_stone":3,"stat.useItem.chancecubes.chance_cube":146,"stat.craftItem.enderio.item_item_conduit":0,"stat.pickup.tconstruct.faucet":5,"stat.mineBlock.minecraft.web":198,"stat.pickup.minecraft.rotten_flesh":237,"stat.useItem.minecraft.diamond_hoe":82,"stat.craftItem.bigreactors.reactorcasingcores":0,"stat.pickup.torchmaster.feral_flare_lantern":2,"stat.pickup.minecraft.cobblestone_wall":27,"stat.pickup.minecraft.bucket":6,"stat.killEntity.Enderman":9,"stat.craftItem.avaritia.double_compressed_crafting_table":0,"stat.pickup.minecraft.brown_mushroom":4,"stat.craftItem.bigreactors.reactorfuelrod":0,"stat.craftItem.excompressum.compressed_hammer_diamond":1,"stat.mineBlock.minecraft.end_stone":6641,"stat.useItem.tconstruct.slime_sapling":6,"stat.useItem.minecraft.iron_pickaxe":210,"stat.craftItem.tp.diamond_cobblegen_block":1,"stat.craftItem.stonechest.chest_cobblestone":25,"stat.craftItem.rftools.infused_diamond":0,"stat.pickup.appliedenergistics2.sky_stone_block":4,"stat.craftItem.draconicevolution.magnet":0,"stat.pickup.enderio.item_basic_capacitor":4,"stat.mineBlock.minecraft.sticky_piston":1,"stat.furnaceInteraction":71,"stat.pickup.draconicevolution.wyvern_core":133,"stat.mineBlock.ae2stuff.inscriber":2,"stat.pickup.minecraft.sponge":6,"stat.useItem.minecraft.end_stone":8,"stat.useItem.translocators.translocator_part":34,"stat.craftItem.actuallyadditions.item_battery":0,"stat.pickup.draconicevolution.tool_upgrade":14,"stat.pickup.mysticalagriculture.tier1_inferium_seeds":379,"stat.useItem.thermalexpansion.dynamo":2,"stat.useItem.draconicevolution.draconic_block":2,"stat.pickup.ceramics.unfired_clay":1,"stat.pickup.actuallyadditions.item_crystal":128,"stat.useItem.draconicevolution.crafting_injector":44,"stat.useItem.minecraft.wheat_seeds":194,"stat.mineBlock.roost.collector":3,"stat.mineBlock.randomthings.fertilizeddirttilled":60,"stat.pickup.minecraft.emerald":107,"stat.deaths":12,"stat.useItem.tconstruct.smeltery_io":1,"stat.pickup.thaumcraft.crystal_terra":141,"stat.craftItem.minecraft.iron_pickaxe":1,"stat.drop.tp.birthday_pickaxe":2,"stat.useItem.malisisdoors.iron_sliding_door":1,"stat.craftItem.tp.hardened_stone":4,"stat.chestOpened":301,"stat.pickup.thermalfoundation.wrench":6,"stat.pickup.minecraft.iron_sword":1,"stat.craftItem.minecraft.quartz_block":0,"stat.useItem.roost.breeder":3,"stat.pickup.enderio.item_alloy_ingot":153,"stat.crouchOneCm":63033,"stat.craftItem.minecraft.diamond":63,"stat.craftItem.minecraft.iron_ingot":618,"stat.pickup.bonsaitrees.bonsaipot":3,"stat.pickup.chisel.concrete_gray1":151,"stat.pickup.actuallyadditions.block_phantomface":1,"stat.drop.minecraft.slime_ball":1,"stat.craftingTableInteraction":117,"stat.mineBlock.appliedenergistics2.inscriber":1,"stat.pickup.minecraft.repeater":17,"stat.craftItem.tconstruct.pattern":55,"stat.mineBlock.tconstruct.smeltery_io":2,"stat.craftItem.enderio.item_power_conduit":72,"stat.pickup.minecraft.dye":780,"stat.pickup.minecraft.planks":102,"stat.pickup.enderio.item_material":27,"stat.craftItem.roost.catcher":0,"stat.pickup.thermaldynamics.duct_16":22,"stat.drop.avaritia.skullfire_sword":1,"stat.craftItem.enderio.item_alloy_nugget":0,"stat.pickup.draconicevolution.draconic_bow":1,"stat.craftItem.enderio.block_simple_sag_mill":1,"stat.craftItem.avaritia.resource":0,"stat.pickup.exnihilocreatio.item_mesh":6,"stat.pickup.tconstruct.pattern":41,"stat.mineBlock.extrautils2.compresseddirt":247,"stat.craftItem.ironchest.iron_gold_chest_upgrade":0,"stat.mineBlock.draconicevolution.draconium_ore":1,"stat.useItem.missing_pieces.oak_pillar":2,"stat.pickup.appliedenergistics2.energy_acceptor":2,"stat.pickup.quantumflux.imaginarytime":9,"stat.pickup.tconstruct.pickaxe":5,"stat.pickup.stonechest.chest_cobblestone":6,"stat.pickup.chancecubes.chance_pendant_tier3":1,"stat.drop.minecraft.sapling":3,"stat.pickup.minecraft.chicken":5,"stat.craftItem.draconicevolution.draconium_ingot":0,"stat.craftItem.appliedenergistics2.inscriber":2,"stat.pickup.minecraft.end_stone":5019,"stat.pickup.bigreactors.reactorcasing":29,"stat.craftItem.minecraft.bucket":1,"stat.craftItem.minecraft.planks":1568,"stat.useItem.minecraft.iron_sword":48,"stat.pickup.torchmaster.mega_torch":1,"stat.craftItem.quantumflux.craftingpiece":0,"stat.pickup.minecraft.book":72,"stat.useItem.roost.chicken":3,"stat.pickup.appliedenergistics2.part":11,"stat.pickup.extrautils2.pipe":8,"stat.craftItem.minecraft.cobblestone":432,"stat.mineBlock.darkutils.trap_move":62,"stat.useItem.appliedenergistics2.certus_quartz_sword":125,"stat.pickup.minecraft.bookshelf":16,"stat.useItem.thermalexpansion.reservoir":972,"stat.mineBlock.minecraft.cobblestone":280,"stat.pickup.minecraft.flint":157,"stat.craftItem.ae2stuff.inscriber":2,"stat.mineBlock.minecraft.concrete":207,"stat.pickup.harvestcraft.market":1,"stat.craftItem.projecte.alchemical_chest":0,"stat.useItem.minecraft.stone_slab2":492,"stat.craftItem.avaritia.compressed_crafting_table":0,"stat.pickup.forge.bucketfilled":4,"stat.pickup.minecraft.iron_boots":3,"stat.pickup.actuallyadditions.block_giant_chest":1,"stat.craftItem.minecraft.furnace":2,"stat.mineBlock.bigreactors.reactorcoolantport":1,"stat.pickup.thermalfoundation.ore":3,"stat.craftItem.exnihilocreatio.hammer_diamond":9,"stat.pickup.chisel.concrete_lightgray1":254,"stat.pickup.tp.cobblegen_block":3,"stat.craftItem.malisisdoors.hitechdoor":0,"stat.craftItem.bigreactors.ingotmetals":3375,"stat.useItem.exnihilocreatio.hammer_stone":94,"stat.pickup.appliedenergistics2.storage_cell_64k":8,"stat.craftItem.tp.reinforced_obsidian":0,"stat.mineBlock.fluxnetworks.fluxpoint":7,"stat.craftItem.minecraft.iron_block":3,"stat.pickup.thermalexpansion.dynamo":10,"stat.pickup.enderio.block_enderman_skull":2,"stat.killEntity.Creeper":2,"stat.pickup.botania.manabottle":3,"stat.ae2.ItemsInserted":90623,"stat.pickup.storagedrawers.compdrawers":3,"stat.pickup.ae2wtlib.infinity_booster_card":9,"stat.useItem.actuallyadditions.block_display_stand":3,"stat.craftItem.tconstruct.stone_stick":1116,"stat.craftItem.thermalfoundation.tool.hammer_diamond":1,"stat.killEntity.Squid":3,"stat.sprintOneCm":2710762,"stat.useItem.minecraft.diamond_block":131,"stat.pickup.cyclicmagic.ender_pearl_mounted":1,"stat.pickup.extrautils2.passivegenerator":9,"stat.pickup.projecte.condenser_mk1":1,"stat.craftItem.mysticalagriculture.supremium_chestplate":0,"stat.craftItem.projecte.nova_catalyst":0,"stat.useItem.enderio.item_power_conduit":38,"stat.craftItem.malisisdoors.iron_sliding_door":6,"stat.craftItem.mysticalagriculture.tier4_inferium_seeds":40,"stat.useItem.storagedrawers.tape":13,"stat.craftItem.enderio.item_yeta_wrench":0,"stat.craftItem.enderio.block_sag_mill":0,"stat.mineBlock.bonsaitrees.bonsaipot":3,"stat.craftItem.minecraft.emerald":0,"stat.mineBlock.extrautils2.compressedsand":190,"stat.killEntity.Zombie":17,"stat.craftItem.minecraft.dye":52,"stat.pickup.buildinggadgets.buildingtool":1,"stat.craftItem.minecraft.slime_ball":81,"stat.pickup.minecraft.wheat":216,"stat.mineBlock.immersiveengineering.metal_device1":1,"stat.pickup.minecraft.sign":5,"stat.craftItem.missing_pieces.oak_pillar":6,"stat.craftItem.thermalexpansion.cache":8,"stat.pickup.draconicevolution.dragon_heart":1,"stat.mineBlock.tconstruct.slime_leaves":279,"stat.pickup.minecraft.obsidian":693,"stat.mineBlock.cyclicmagic.battery":2,"stat.useItem.bigreactors.reactorfuelrod":42,"stat.mineBlock.appliedenergistics2.energy_acceptor":2,"stat.pickup.tp.birthday_pickaxe":16,"stat.pickup.minecraft.coal":3622,"stat.pickup.minecraft.iron_ingot":385,"stat.craftItem.minecraft.lever":0,"stat.pickup.minecraft.gunpowder":292,"stat.pickup.minecraft.dirt":3936,"stat.craftItem.draconicevolution.draconic_energy_core":0,"stat.pickup.minecraft.cookie":8,"stat.mineBlock.minecraft.torch":73,"stat.pickup.minecraft.written_book":2,"stat.mineBlock.minecraft.red_flower":16,"stat.craftItem.extrautils2.drum":0,"stat.pickup.minecraft.ender_eye":10,"stat.pickup.appliedenergistics2.biometric_card":5,"stat.craftItem.minecraft.glowstone":0,"stat.pickup.minecraft.rabbit_hide":42,"stat.craftItem.extrautils2.compressedsand":127,"stat.useItem.chisel.concrete_lightgray1":29,"stat.pickup.randomthings.fertilizeddirt":270,"stat.mineBlock.extrautils2.drum":1,"stat.useItem.excompressum.compressed_hammer_diamond":192,"stat.useItem.thermalfoundation.tool.hammer_diamond":785,"stat.craftItem.tconstruct.smeltery_io":2,"stat.craftItem.thermalfoundation.tool.hammer_invar":0,"stat.craftItem.bigreactors.reactoraccessport":0,"stat.useItem.minecraft.lava_bucket":1,"stat.pickup.tconstruct.clear_glass":53,"stat.craftItem.draconicevolution.crafting_injector":0,"stat.craftItem.mysticalagriculture.tier3_inferium_seeds":20,"stat.mineBlock.harvestcraft.market":1,"stat.craftItem.randomthings.itemcollector":1,"stat.pickup.tp.growth_upgrade_two":3,"stat.drop.minecraft.egg":1,"stat.useItem.minecraft.concrete":245,"stat.pickup.translocators.translocator_part":31,"stat.pickup.extrautils2.drum":12,"stat.pickup.cyclicmagic.glove_climb":1,"stat.pickup.thaumcraft.crystal_perditio":93,"stat.mobKills":139,"stat.mineBlock.minecraft.bookshelf":8,"stat.craftItem.fluxnetworks.flux":444,"stat.pickup.minecraft.diamond":370,"stat.pickup.ftbquests.lootcrate":26,"stat.pickup.roost.roost":52,"stat.craftItem.actuallyadditions.block_display_stand":0,"stat.useItem.extrautils2.compresseddirt":55,"stat.useItem.enderio.item_item_conduit":45,"stat.useItem.minecraft.bookshelf":7,"stat.useItem.minecraft.soul_sand":54,"stat.drop.tconstruct.pickaxe":1,"stat.craftItem.exnihilocreatio.block_dust":1575,"stat.pickup.minecraft.glowstone_dust":359,"stat.pickup.malisisdoors.iron_sliding_door":1,"stat.useItem.thermalfoundation.upgrade":1,"stat.pickup.randomthings.spectrecoil_number":2,"stat.useItem.harvestcraft.calamarirawitem":2,"stat.drop.appliedenergistics2.biometric_card":3,"stat.craftItem.actuallyadditions.block_misc":4,"stat.mineBlock.projecte.condenser_mk1":1,"stat.pickup.exnihilocreatio.item_pebble":358,"stat.craftItem.tconstruct.casting":2,"stat.craftItem.minecraft.stone_sword":5,"stat.mineBlock.minecraft.sand":3,"stat.useItem.excompressum.chicken_stick":4,"stat.pickup.tconstruct.stone_ladder":54,"stat.pickup.storagedrawers.tape":2,"stat.hopperInspected":4,"stat.useItem.yabba.item_barrel":1,"stat.pickup.tconstruct.slime_sapling":21,"stat.pickup.chancecubes.compact_giant_chance_cube":1,"stat.craftItem.fluxnetworks.fluxplug":0,"stat.craftItem.enderio.item_material":146,"stat.useItem.tp.cooked_apple":67,"stat.mineBlock.actuallyadditions.block_phantomface":1,"stat.pickup.harvestcraft.juiceritem":2,"stat.drop.draconicevolution.draconic_bow":1,"stat.craftItem.thermalfoundation.material":366,"stat.pickup.chickens.colored_egg":10,"stat.pickup.mysticalagriculture.tier2_inferium_seeds":40,"stat.pickup.mysticalagradditions.stuff":9,"stat.pickup.extrautils2.compressedsand":72,"stat.craftItem.excompressum.compressed_hammer_iron":1,"stat.useItem.tconstruct.scythe":122,"stat.pickup.minecraft.stone_stairs":4,"stat.useItem.betterbuilderswands.wanddiamond":381,"stat.useItem.fluxnetworks.fluxconfigurator":67,"stat.craftItem.mysticalagriculture.graphite_seeds":0,"stat.pickup.minecraft.pumpkin_seeds":3,"stat.pickup.tconstruct.slime_dirt":2,"stat.pickup.roost.collector":3,"stat.mineBlock.minecraft.soul_sand":3,"stat.useItem.roost.roost":15,"stat.pickup.notenoughwands.acceleration_wand":14,"stat.pickup.ironchest.iron_chest":4,"stat.useItem.openblocks.dev_null":1,"stat.pickup.cyclicmagic.entity_detector":1,"stat.craftItem.minecraft.diamond_block":0,"stat.craftItem.mysticalagriculture.supremium_helmet":0,"stat.craftItem.appliedenergistics2.wireless_access_point":0,"stat.craftItem.appliedenergistics2.smooth_sky_stone_block":4,"stat.craftItem.darkutils.trap_move":64,"stat.pickup.minecraft.pumpkin":4,"stat.craftItem.fluxnetworks.fluxpoint":0,"stat.pickup.tconstruct.casting":1,"stat.pickup.extrautils2.flattransfernode":1,"stat.craftItem.minecraft.flint":64,"stat.useItem.exchangers.resonant_exchanger":93,"stat.pickup.chisel.concrete_gray":1,"stat.drop.minecraft.stone":1,"stat.pickup.minecraft.melon_seeds":12,"stat.craftItem.tp.unhardened_stone":0,"stat.craftItem.tconstruct.toolforge":1,"stat.pickup.minecraft.slime":18,"stat.craftItem.tconstruct.materials":818,"stat.pickup.draconicevolution.draconium_chest":1,"stat.pickup.betterbuilderswands.wandstone":2,"stat.craftItem.mysticalagradditions.storage":0,"stat.pickup.bigreactors.reactorcoolantport":1,"stat.craftItem.rftools.machine_frame":0,"stat.useItem.minecraft.torch":3,"stat.pickup.minecraft.golden_apple":48,"stat.craftItem.minecraft.redstone_block":2,"stat.craftItem.minecraft.stone_stairs":168,"stat.craftItem.minecraft.crafting_table":6,"stat.pickup.enderio.block_simple_alloy_smelter":1,"stat.pickup.excompressum.bait":14,"stat.mineBlock.minecraft.emerald_ore":3,"stat.pickup.extrautils2.grocket":2,"stat.pickup.betterbuilderswands.wanddiamond":11,"stat.pickup.thermalfoundation.tool.hammer_diamond":5,"stat.craftItem.projecte.item.pe_fuel":0,"stat.craftItem.betterbuilderswands.wanddiamond":3,"stat.pickup.minecraft.web":5,"stat.pickup.minecraft.sapling":71,"stat.pickup.roost.chicken":216,"stat.craftItem.bigreactors.reactorcontroller":0,"stat.pickup.extrautils2.trashcan":5,"stat.pickup.roost.catcher":3,"stat.mineBlock.stonechest.chest_cobblestone":21,"stat.pickup.actuallyadditions.item_sword_emerald":4,"stat.pickup.cyclicmagic.magnet_block":1,"stat.craftItem.minecraft.sugar":109,"stat.pickup.minecraft.rabbit":5,"stat.mineBlock.extrautils2.compressedgravel":273,"stat.craftItem.ironchest.gold_diamond_chest_upgrade":0,"stat.pickup.minecraft.yellow_flower":23,"stat.mineBlock.randomthings.advanceditemcollector":2,"stat.craftItem.minecraft.diamond_chestplate":0,"stat.pickup.minecraft.bone":26,"stat.craftItem.minecraft.sticky_piston":2,"stat.craftItem.ceramics.unfired_clay":2,"stat.craftItem.stonechest.part_cobblestone":100,"stat.mineBlock.minecraft.slime":9,"stat.craftItem.fluxnetworks.fluxstorage":0,"stat.useItem.minecraft.diamond_sword":367,"stat.craftItem.minecraft.diamond_helmet":0,"stat.pickup.exnihilocreatio.item_ore_lead":168,"stat.climbOneCm":324021,"stat.craftItem.minecraft.gold_block":0,"stat.pickup.thermalexpansion.machine":4,"stat.ae2.ItemsExtracted":43263,"stat.craftItem.storagedrawers.upgrade_storage":0,"stat.mineBlock.extrautils2.spike_iron":1,"stat.craftItem.minecraft.stone_pickaxe":1,"stat.pickup.minecraft.cobblestone":137393,"stat.mineBlock.mekanism.basicblock2":10,"stat.drop.minecraft.rabbit_hide":2,"stat.craftItem.minecraft.glass_bottle":0,"stat.pickup.minecraft.soul_sand":99,"stat.pickup.minecraft.cactus":13,"stat.pickup.minecraft.dragon_egg":1,"stat.pickup.minecraft.redstone":834,"stat.mineBlock.minecraft.iron_ore":7,"stat.pickup.exnihilocreatio.hammer_stone":1,"stat.drop.minecraft.coal":1,"stat.pickup.minecraft.cake":4,"stat.mineBlock.thermalfoundation.ore":3,"stat.pickup.minecraft.diamond_shovel":1,"stat.pickup.malisisdoors.hitechdoor":12,"stat.craftItem.tconstruct.soil":808,"stat.pickup.tconstruct.smeltery_controller":4,"stat.mineBlock.tconstruct.stone_ladder":3,"stat.craftItem.exnihilocreatio.hammer_stone":28,"stat.craftItem.malisisdoors.wood_sliding_door":6,"stat.pickup.exnihilocreatio.item_ore_aluminium":246,"stat.pickup.minecraft.nether_star":64,"stat.pickup.oreberries.aluminum_oreberry_bush":2,"stat.craftItem.minecraft.stick":280,"stat.useItem.extrautils2.passivegenerator":7,"stat.craftItem.minecraft.gold_nugget":558,"stat.pickup.extrautils2.resonator":1,"stat.useItem.chisel.concrete_gray1":111,"stat.useItem.excompressum.compressed_hammer_stone":248,"stat.craftItem.minecraft.clay_ball":4,"stat.craftItem.enderio.block_soul_binder":0,"stat.useItem.extrautils2.compressedsand":18,"stat.drop":31,"stat.mineBlock.chancecubes.cube_dispenser":1,"stat.craftItem.actuallyadditions.item_misc":192,"stat.pickup.draconicevolution.draconic_core":141,"stat.useItem.tconstruct.seared":148,"stat.useItem.fluxnetworks.gargantuanfluxstorage":65,"stat.useItem.fluxnetworks.fluxstorage":6,"stat.craftItem.minecraft.piston":20,"stat.killEntity.Slime":11,"stat.pickup.openblocks.dev_null":6,"stat.pickup.exnihilocreatio.item_seed_sugarcane":1,"stat.useItem.tp.birthday_pickaxe":11861,"stat.pickup.enderio.item_item_conduit":18,"stat.pickup.wct.wct":1,"stat.craftItem.minecraft.iron_helmet":20,"stat.drop.chancecubes.chance_cube":1,"stat.pickup.actuallyadditions.block_misc":4,"stat.craftItem.stoneblockutilities.crook_stone":2,"stat.craftItem.projecte.item.pe_matter":0,"stat.craftItem.actuallyadditions.block_empowerer":0,"stat.pickup.mysticalagriculture.dark_steel_seeds":21,"stat.craftItem.minecraft.flint_and_steel":0,"stat.craftItem.exnihilocreatio.item_ore_iron":125,"stat.mineBlock.tconstruct.tooltables":7,"stat.craftItem.mysticalagriculture.gear":0,"stat.craftItem.fluxnetworks.fluxblock":0,"stat.mineBlock.minecraft.stone_stairs":4,"stat.craftItem.minecraft.iron_bars":16,"stat.mineBlock.extrautils2.user":2,"stat.pickup.exnihilocreatio.item_ore_silver":223,"stat.pickup.minecraft.emerald_block":4,"stat.craftItem.extrautils2.user":0,"stat.damageDealt":54815,"stat.pickup.extrautils2.wateringcan":2,"stat.craftItem.mysticalagradditions.insanium":0,"stat.craftItem.minecraft.gravel":2304,"stat.craftItem.immersiveengineering.storage":0,"stat.pickup.minecraft.stick":183,"stat.pickup.bigreactors.blockmetals":1520,"stat.pickup.avaritia.skullfire_sword":3,"stat.pickup.immersiveengineering.storage":1379,"stat.pickup.bigreactors.ingotmetals":17,"stat.craftItem.openblocks.elevator":0,"stat.craftItem.minecraft.writable_book":0,"stat.craftItem.minecraft.diamond_boots":0,"stat.craftItem.randomthings.advanceditemcollector":1,"stat.useItem.minecraft.cactus":1,"stat.craftItem.enderio.block_powered_spawner":0,"stat.pickup.thermaldynamics.servo":1,"stat.pickup.draconicevolution.draconium_block":8,"stat.craftItem.appliedenergistics2.crystal_seed":122,"stat.pickup.minecraft.concrete_powder":49,"stat.craftItem.minecraft.tnt":0,"stat.craftItem.exnihilocreatio.block_barrel1":1,"stat.craftItem.exnihilocreatio.block_barrel0":1,"stat.mineBlock.minecraft.leaves":180,"stat.pickup.enderio.block_simple_sag_mill":1,"stat.mineBlock.tp.emerald_cobblegen_block":1,"stat.mineBlock.tconstruct.seared":18,"stat.craftItem.actuallyadditions.block_giant_chest":4,"stat.drop.excompressum.compressed_hammer_stone":1,"stat.pickup.minecraft.wooden_slab":5,"stat.pickup.draconicevolution.draconium_dust":5,"stat.craftItem.minecraft.diamond_hoe":1,"stat.craftItem.draconicevolution.wyvern_chest":0,"stat.leaveGame":14,"stat.craftItem.thermalfoundation.wrench":0,"stat.craftItem.darkutils.material":24,"stat.pickup.tconstruct.edible":3,"stat.mineBlock.appliedenergistics2.security_station":1,"stat.useItem.malisisdoors.wood_sliding_door":2,"stat.mineBlock.gravestone.gravestone":19,"stat.pickup.harvestcraft.calamarirawitem":16,"stat.pickup.exnihilocreatio.block_dust":2106,"stat.pickup.minecraft.brick_block":2,"stat.craftItem.appliedenergistics2.storage_cell_64k":8,"stat.pickup.mysticalagriculture.chunk":1,"stat.pickup.exnihilocreatio.item_ore_copper":250,"stat.useItem.exnihilocreatio.item_material":17,"stat.craftItem.fluxnetworks.fluxcontroller":0,"stat.craftItem.enderstorage.ender_storage":0,"stat.pickup.mysticalagriculture.mystical_flower_essence":2,"stat.mineBlock.minecraft.brick_block":1,"stat.mineBlock.tconstruct.clear_glass":34,"stat.mineBlock.minecraft.hopper":2,"stat.pickup.thermalfoundation.material":177,"stat.craftItem.fluxnetworks.fluxconfigurator":0,"stat.craftItem.tp.iron_cobblegen_block":2,"stat.mineBlock.chancecubes.chance_cube":112,"stat.pickup.draconicevolution.magnet":3,"stat.craftItem.roost.breeder":0,"stat.mineBlock.malisisdoors.hitechdoor":11,"stat.mineBlock.ae2stuff.grower":4,"stat.pickup.chisel.concrete_white1":1,"stat.mineBlock.torchmaster.feral_flare_lantern":1,"stat.craftItem.mysticalagriculture.crafting":4214,"stat.pickup.minecraft.leather_helmet":3,"stat.pickup.actuallyadditions.block_testifi_bucks_white_wall":32,"stat.mineBlock.thermalexpansion.dynamo":1,"stat.useItem.fluxnetworks.herculeanfluxstorage":2,"stat.pickup.tconstruct.smeltery_io":2,"stat.craftItem.minecraft.dropper":0,"stat.pickup.cyclicmagic.tool_torch_launcher":21,"stat.useItem.minecraft.dye":26,"stat.mineBlock.enderstorage.ender_storage":12,"stat.pickup.actuallyadditions.item_dust":190,"stat.pickup.randomthings.advanceditemcollector":6,"stat.pickup.enderio.item_liquid_conduit":11,"stat.craftItem.immersiveengineering.metal":15697,"stat.drop.minecraft.torch":1,"stat.mineBlock.minecraft.tallgrass":383,"stat.drop.notenoughwands.acceleration_wand":6,"stat.pickup.tconstruct.seared":18,"stat.pickup.fluxnetworks.fluxstorage":16,"stat.craftItem.minecraft.light_weighted_pressure_plate":0,"stat.useItem.minecraft.stone":441,"stat.useItem.bigreactors.reactorglass":17,"stat.craftItem.projecte.item.pe_destruction_catalyst":0,"stat.pickup.minecraft.arrow":5,"stat.craftItem.appliedenergistics2.part":73,"stat.craftItem.minecraft.wheat_seeds":608,"stat.pickup.extrautils2.compressedcobblestone":16,"stat.pickup.stoneblockutilities.stoneworkbench":1,"stat.drop.minecraft.iron_pickaxe":1,"stat.pickup.tconstruct.cast_custom":2,"stat.mineBlock.fluxnetworks.herculeanfluxstorage":7,"stat.mineBlock.minecraft.chest":4,"stat.useItem.tconstruct.stone_ladder":405,"stat.craftItem.minecraft.hopper":2,"stat.craftItem.mysticalagradditions.special":0,"stat.useItem.minecraft.reeds":4,"stat.craftItem.draconicevolution.draconic_core":0,"stat.pickup.exnihilocreatio.item_ore_gold":235,"stat.craftItem.minecraft.diamond_shovel":0,"stat.pickup.minecraft.wheat_seeds":213,"stat.mineBlock.mysticalagriculture.ultimate_furnace":3,"stat.craftItem.rftools.dimensional_shard":0,"stat.mineBlock.minecraft.dirt":926,"stat.useItem.stoneblockutilities.crook_stone":325,"stat.pickup.immersiveengineering.seed":16,"stat.useItem.minecraft.cobblestone":188,"stat.mineBlock.minecraft.double_plant":1,"stat.pickup.minecraft.iron_pickaxe":2,"stat.useItem.tconstruct.pickaxe":572,"stat.useItem.draconicevolution.generator":2,"stat.craftItem.projectex.magnum_star_ein":1,"stat.craftItem.appliedenergistics2.drive":0,"stat.craftItem.minecraft.gold_ingot":162,"stat.pickup.minecraft.hopper":2,"stat.useItem.avaritia.skullfire_sword":17,"stat.pickup.minecraft.apple":3,"stat.pickup.extrautils2.compresseddirt":1,"stat.craftItem.appliedenergistics2.fluix_block":6,"stat.mineBlock.minecraft.log":81,"stat.craftItem.minecraft.paper":3,"stat.pickup.chancecubes.silk_touch_pendant":1,"stat.mineBlock.exnihilocreatio.block_crucible":10,"stat.mineBlock.avaritia.neutron_collector":10,"stat.craftItem.thermalexpansion.frame":16,"stat.pickup.minecraft.red_flower":16,"stat.pickup.minecraft.wool":116,"stat.mineBlock.draconicevolution.draconic_block":2,"stat.cakeSlicesEaten":18,"stat.pickup.harvestcraft.epicbaconitem":232,"stat.craftItem.storagedrawers.basicdrawers":0,"stat.craftItem.minecraft.diamond_leggings":0,"stat.pickup.draconicevolution.draconic_ingot":68,"stat.mineBlock.minecraft.yellow_flower":23,"stat.useItem.minecraft.skull":38,"stat.useItem.mysticalagriculture.graphite_seeds":12,"stat.pickup.chesttransporter.chesttransporter":2,"stat.craftItem.minecraft.wool":0,"stat.craftItem.enderio.item_alloy_ingot":1735,"stat.mineBlock.appliedenergistics2.quartz_ore":9,"stat.pickup.minecraft.glowstone":38,"stat.mineBlock.thaumcraft.ore_amber":1,"stat.pickup.minecraft.writable_book":1,"stat.useItem.openblocks.elevator":5,"stat.craftItem.minecraft.arrow":0,"stat.pickup.minecraft.sticky_piston":1,"stat.useItem.minecraft.obsidian":8,"stat.mineBlock.ironchest.iron_chest":1,"stat.pickup.minecraft.bow":1,"stat.mineBlock.fluxnetworks.fluxplug":4,"stat.useItem.quantumflux.imaginarytime":1,"stat.useItem.minecraft.egg":2,"stat.useItem.tconstruct.clear_glass":22,"stat.pickup.tp.cooked_apple":295,"stat.mineBlock.minecraft.obsidian":138,"stat.pickup.mysticalagradditions.special":1,"stat.craftItem.minecraft.bow":0,"stat.pickup.projecte.relay_mk2":1,"stat.flyOneCm":1488122,"stat.pickup.actuallyadditions.item_booklet":1,"stat.pickup.minecraft.fish":11,"stat.useItem.extrautils2.compressedgravel":104,"stat.craftItem.minecraft.emerald_block":0,"stat.timeSinceDeath":561257,"stat.pickup.fluidcows.cow_halter":1,"stat.pickup.draconicevolution.draconic_block":2,"stat.killEntity.Bat":1,"stat.craftItem.tconstruct.slime_dirt":0,"stat.craftItem.fluxnetworks.fluxcore":0,"stat.craftItem.bigreactors.reactorpowertaprf":0,"stat.killEntity.Wolf":3,"stat.craftItem.projecte.item.pe_philosophers_stone":0,"stat.mineBlock.minecraft.coal_ore":7,"stat.pickup.extrautils2.ingredients":17,"stat.talkedToVillager":2,"stat.pickup.minecraft.string":480,"stat.craftItem.minecraft.golden_helmet":20,"stat.mineBlock.fluxnetworks.fluxcontroller":1,"stat.pickup.fluxnetworks.fluxcontroller":1,"stat.pickup.excompressum.compressed_hammer_stone":3,"stat.craftItem.mysticalagriculture.supremium_leggings":0,"stat.pickup.mysticalagriculture.supremium_helmet":7,"stat.useItem.minecraft.written_book":2,"stat.craftItem.tconstruct.tooltables":4,"stat.useItem.minecraft.diamond_shovel":93,"stat.pickup.stoneblockutilities.crook_stone":4,"stat.pickup.projecte.item.pe_matter":60,"stat.mineBlock.extrautils2.machine":1,"stat.useItem.enderstorage.ender_storage":7,"stat.craftItem.mysticalagriculture.tier1_inferium_seeds":10,"stat.pickup.thaumcraft.crystal_aqua":78,"stat.pickup.minecraft.spawn_egg":2,"stat.killEntity.Guardian":2,"stat.pickup.immersiveengineering.shader_bag":1,"stat.diveOneCm":4904,"stat.pickup.tconstruct.tooltables":10,"stat.pickup.mysticalagriculture.ultimate_furnace":6,"stat.pickup.storagedrawers.basicdrawers":2,"stat.pickup.extrautils2.machine":1,"stat.craftItem.mysticalagriculture.dark_steel_seeds":0,"stat.pickup.exnihilocreatio.block_crucible":10,"stat.craftItem.mysticalagriculture.uranium_seeds":2,"stat.pickup.mysticalagriculture.master_infusion_crystal":1,"stat.mineBlock.extrautils2.resonator":1,"stat.craftItem.harvestcraft.market":0,"stat.craftItem.thermalexpansion.machine":1,"stat.drop.minecraft.apple":1,"stat.jump":3546,"stat.useItem.minecraft.sand":1,"stat.pickup.mysticalagriculture.supremium_chestplate":7,"stat.craftItem.minecraft.torch":12,"stat.mineBlock.chancecubes.giant_chance_cube":3,"stat.mineBlock.roost.roost":23,"stat.pickup.excompressum.chicken_stick":1,"stat.pickup.mysticalagriculture.soulium_dagger":1,"stat.useItem.minecraft.sapling":25,"stat.pickup.draconicevolution.generator":4,"stat.damageTaken":10237,"stat.mineBlock.torchmaster.mega_torch":2,"stat.useItem.actuallyadditions.block_phantomface":1,"stat.pickup.immersiveengineering.metal":11844,"stat.mineBlock.minecraft.sapling":3,"stat.craftItem.mysticalagriculture.draconium_seeds":0,"stat.entityKilledBy.ZombieVillager":1,"stat.pickup.minecraft.concrete":596,"stat.pickup.minecraft.quartz_block":99,"stat.pickup.exnihilocreatio.item_seed_potato":4,"stat.useItem.forge.bucketfilled":2,"stat.craftItem.tp.netherstar_block":1,"stat.drop.tp.cooked_apple":2,"stat.mineBlock.exnihilocreatio.block_barrel1":1,"stat.killEntity.Silverfish":43,"stat.mineBlock.exnihilocreatio.block_barrel0":1,"stat.craftItem.minecraft.stone_slab":6,"stat.useItem.minecraft.chest":2,"stat.pickup.thaumcraft.crystal_aer":163,"stat.pickup.tp.emerald_cobblegen_block":1,"stat.useItem.tconstruct.faucet":1,"stat.craftItem.mysticalagriculture.supremium_boots":0,"stat.pickup.mysticalagriculture.graphite_seeds":864,"stat.pickup.minecraft.ender_pearl":556,"stat.craftItem.ironchest.diamond_crystal_chest_upgrade":0,"stat.craftItem.tp.cooked_apple":1,"stat.craftItem.draconicevolution.info_tablet":0,"stat.pickup.minecraft.torch":199,"stat.mineBlock.tp.cobblegen_block":1,"stat.craftItem.thermalfoundation.tool.hammer_iron":9,"stat.pickup.ftbquests.book":6,"stat.craftItem.minecraft.nether_star":171,"stat.pickup.appliedenergistics2.security_station":1,"stat.mineBlock.storagedrawers.basicdrawers":2,"stat.pickup.mysticalagriculture.supremium_leggings":7,"stat.craftItem.tconstruct.stone_ladder":462,"stat.pickup.minecraft.deadbush":719,"stat.pickup.thaumcraft.crystal_ordo":62,"stat.mineBlock.enderio.block_simple_sag_mill":1,"stat.mineBlock.extrautils2.compressedcobblestone":452,"stat.useItem.fluxnetworks.fluxpoint":16,"stat.drop.projecte.relay_mk2":1,"stat.pickup.appliedenergistics2.drive":1,"stat.pickup.enderstorage.ender_storage":14,"stat.useItem.mysticalagradditions.tier6_inferium_seeds":14,"stat.pickup.minecraft.porkchop":4,"stat.pickup.minecraft.blaze_powder":129,"stat.craftItem.bigreactors.reactorcontrolrod":0,"stat.pickup.minecraft.glass":72,"stat.craftItem.enderio.item_conduit_probe":0,"stat.craftItem.hatchery.nest":0,"stat.useItem.minecraft.water_bucket":6,"stat.pickup.openblocks.elevator":7,"stat.pickup.minecraft.sand":2790,"stat.pickup.darkutils.trap_move":69,"stat.craftItem.mob_grinding_utils.saw":1,"stat.useItem.stonechest.chest_cobblestone":15,"stat.pickup.fluxnetworks.herculeanfluxstorage":7,"stat.pickup.minecraft.name_tag":1,"stat.pickup.avaritia.neutron_collector":10,"stat.mineBlock.exnihilocreatio.block_infested_leaves":142,"stat.useItem.openblocks.trophy":30,"stat.pickup.projectred-core.resource_item":449,"stat.craftItem.minecraft.hardened_clay":16,"stat.pickup.exnihilocreatio.block_barrel0":1,"stat.craftItem.bigreactors.reactorcasing":0,"stat.craftItem.appliedenergistics2.quartz_growth_accelerator":6,"stat.pickup.exnihilocreatio.block_barrel1":2,"stat.craftItem.cookingforblockheads.sink":2,"stat.pickup.actuallyadditions.item_solidified_experience":121,"stat.pickup.appliedenergistics2.inscriber":1,"stat.craftItem.mob_grinding_utils.saw_upgrade":30,"stat.useItem.thermalfoundation.tool.hammer_iron":308,"stat.pickup.thermalexpansion.cache":28,"stat.pickup.exnihilocreatio.item_ore_iron":872,"stat.pickup.minecraft.skull":88,"stat.pickup.exnihilocreatio.item_ore_osmium":122,"stat.useItem.minecraft.stone_stairs":43,"stat.mineBlock.extrautils2.passivegenerator":9,"stat.pickup.mysticalagriculture.dark_steel_essence":461,"stat.pickup.fluxnetworks.fluxpoint":15,"stat.craftItem.chickens.colored_egg":0,"stat.mineBlock.rftools.crafter3":1,"stat.pickup.chancecubes.chance_cube":412,"stat.craftItem.exnihilocreatio.hammer_iron":9,"stat.craftItem.minecraft.sand":1152,"stat.craftItem.appliedenergistics2.quartz_glass":16,"stat.mineBlock.extrautils2.cursedearth":49,"stat.pickup.exnihilocreatio.item_seed_carrot":3,"stat.craftItem.ironchest.iron_chest":2,"stat.mineBlock.quantumflux.imaginarytime":10,"stat.pickup.exnihilocreatio.item_ore_nickel":209,"stat.useItem.minecraft.hopper":1,"stat.mineBlock.actuallyadditions.block_giant_chest":1,"stat.pickup.excompressum.compressed_hammer_iron":2,"stat.craftItem.minecraft.heavy_weighted_pressure_plate":0,"stat.playOneMinute":2123207,"stat.pickup.cyclicmagic.battery":2,"stat.pickup.minecraft.diamond_block":80,"stat.pickup.minecraft.iron_bars":24,"stat.pickup.mysticalagriculture.graphite_essence":1414,"stat.pickup.thaumcraft.crystal_vitium":74,"stat.craftItem.mysticalagriculture.tier5_inferium_seeds":11,"stat.craftItem.appliedenergistics2.material":795,"stat.craftItem.fluxnetworks.gargantuanfluxstorage":0,"stat.mineBlock.appliedenergistics2.cable_bus":8,"stat.useItem.betterbuilderswands.wandstone":32,"stat.mineBlock.tconstruct.faucet":2,"stat.craftItem.mob_grinding_utils.spikes":2,"stat.fallOneCm":15920,"stat.pickup.mekanism.basicblock2":10,"stat.useItem.bigreactors.reactorcasing":269,"stat.pickup.draconicevolution.grinder":1,"stat.craftItem.minecraft.chest":38,"stat.useItem.enderio.item_conduit_probe":5,"stat.craftItem.thermalexpansion.reservoir":0,"stat.pickup.minecraft.feather":15,"stat.pickup.minecraft.record_cat":1,"stat.useItem.harvestcraft.epicbaconitem":30,"stat.mineBlock.fluxnetworks.fluxstorage":16,"stat.craftItem.enderio.item_soul_vial":0,"stat.useItem.minecraft.stone_pickaxe":131,"stat.craftItem.tconstruct.seared_tank":1,"stat.craftItem.draconicevolution.wyvern_core":0,"stat.useItem.minecraft.stone_sword":69,"stat.craftItem.chickens.spawn_egg":0,"stat.killEntity.Rabbit":2,"stat.craftItem.mysticalagradditions.tier6_inferium_seeds":2,"stat.craftItem.draconicevolution.wyvern_boots":0,"stat.mineBlock.minecraft.monster_egg":3,"stat.pickup.malisisdoors.wood_sliding_door":2,"stat.useItem.ironchest.iron_chest":1,"stat.craftItem.extrautils2.compressedgravel":14,"stat.pickup.mysticalagradditions.insanium":244,"stat.craftItem.ceramics.clay_bucket":1,"stat.craftItem.actuallyadditions.item_battery_double":0,"stat.craftItem.appliedenergistics2.energy_acceptor":1,"stat.pickup.minecraft.log":201,"stat.useItem.actuallyadditions.item_sword_emerald":63,"stat.mineBlock.storagedrawers.compdrawers":2,"stat.useItem.mysticalagradditions.nether_star_seeds":6,"stat.craftItem.avaritia.extreme_crafting_table":0,"stat.pickup.minecraft.wooden_door":1,"stat.craftItem.tconstruct.smeltery_controller":1,"stat.useItem.hatchery.nest":2,"stat.pickup.ae2stuff.inscriber":2,"stat.craftItem.storagedrawers.tape":2,"stat.craftItem.minecraft.golden_boots":0,"stat.sneakTime":125989,"stat.pickup.thaumcraft.amber":1,"stat.craftItem.appliedenergistics2.controller":0,"stat.craftItem.draconicevolution.wyvern_helm":0,"stat.useItem.projecte.item.pe_destruction_catalyst":3,"stat.pickup.mysticalagriculture.mystical_flower_seeds":1,"stat.useItem.excompressum.compressed_hammer_iron":750,"stat.pickup.minecraft.chest":7,"stat.useItem.mysticalagriculture.tier1_inferium_seeds":37,"stat.mineBlock.bigreactors.reactorcasing":30,"stat.craftItem.tconstruct.faucet":2,"stat.mineBlock.actuallyadditions.block_misc":4,"stat.craftItem.rftools.crafter2":0,"stat.craftItem.rftools.crafter1":0,"stat.craftItem.rftools.crafter3":0,"stat.craftItem.extrautils2.compressedcobblestone":256,"stat.mineBlock.minecraft.diamond_block":16,"stat.swimOneCm":42461,"stat.pickup.mysticalagriculture.uranium_seeds":387,"stat.craftItem.minecraft.golden_chestplate":0,"stat.useItem.mysticalagriculture.draconium_seeds":7,"stat.useItem.minecraft.dirt":103,"stat.craftItem.draconicevolution.draconic_block":0,"stat.pickup.tconstruct.scythe":2,"stat.useItem.notenoughwands.acceleration_wand":21531,"stat.craftItem.draconicevolution.draconic_ingot":0,"stat.mineBlock.minecraft.redstone_block":9,"stat.pickup.minecraft.clay":153,"stat.pickup.appliedenergistics2.material":1204,"stat.craftItem.minecraft.wooden_slab":6,"stat.pickup.extrautils2.compressedgravel":218,"stat.mineBlock.openblocks.elevator":6,"stat.pickup.oreberries.gold_oreberry_bush":2,"stat.pickup.thaumcraft.crystal_ignis":75,"stat.mineBlock.randomthings.fertilizeddirt":218,"stat.craftItem.torchmaster.mega_torch":1,"stat.pickup.actuallyadditions.block_testifi_bucks_green_wall":30,"stat.craftItem.draconicevolution.tool_upgrade":0,"stat.craftItem.appliedenergistics2.biometric_card":0,"stat.useItem.mysticalagradditions.special":6,"stat.mineBlock.chisel.concrete_lightgray1":264,"stat.mineBlock.extrautils2.trashcan":6,"stat.craftItem.minecraft.stone_slab2":0,"stat.pickup.thermalfoundation.tool.hammer_iron":2,"stat.craftItem.draconicevolution.wyvern_energy_core":0,"stat.pickup.exnihilocreatio.item_material":15,"stat.pickup.fluxnetworks.fluxplug":5,"stat.craftItem.minecraft.stone":1500,"stat.pickup.ae2stuff.grower":4,"stat.mineBlock.minecraft.quartz_block":5,"stat.killEntity.Endermite":19,"stat.mineBlock.enderio.block_simple_alloy_smelter":1,"stat.useItem.minecraft.wheat":1,"stat.useItem.randomthings.fertilizeddirt":27,"stat.pickup.chancecubes.chance_icosahedron":1,"stat.craftItem.minecraft.soul_sand":30,"stat.useItem.thermalfoundation.tool.hammer_invar":870,"stat.craftItem.draconicevolution.wyvern_legs":0,"stat.pickup.minecraft.slime_ball":14,"stat.mineBlock.chisel.concrete_gray":2,"stat.pickup.mysticalagriculture.uranium_essence":658,"stat.mineBlock.chisel.concrete_gray1":150,"stat.useItem.mysticalagriculture.tier2_inferium_seeds":22,"stat.useItem.tp.reinforced_obsidian":39,"stat.useItem.tp.bams_pizza":5,"stat.useItem.thermalfoundation.wrench":74,"stat.craftItem.bigreactors.reactorcoolantport":0,"stat.pickup.minecraft.gravel":3812,"stat.craftItem.draconicevolution.wyvern_bow":0,"stat.useItem.extrautils2.compressedcobblestone":172,"stat.useItem.minecraft.glass_bottle":5,"stat.mineBlock.tconstruct.smeltery_controller":2,"stat.mineBlock.appliedenergistics2.drive":1,"stat.craftItem.betterbuilderswands.wandstone":1,"stat.mineBlock.tconstruct.slime_dirt":1,"stat.pickup.extrautils2.user":2,"stat.pickup.exnihilocreatio.item_ore_tin":294,"stat.pickup.minecraft.diamond_sword":8,"stat.useItem.storagedrawers.basicdrawers":1,"stat.pickup.enderio.item_power_conduit":3,"stat.useItem.mysticalagriculture.tier5_inferium_seeds":20,"stat.pickup.exchangers.resonant_exchanger":2,"stat.pickup.minecraft.iron_ore":8,"stat.pickup.tconstruct.slime_congealed":39,"stat.pickup.minecraft.snow":8,"stat.mineBlock.minecraft.iron_bars":24,"stat.pickup.minecraft.leaves":218,"stat.pickup.minecraft.leather":10,"stat.pickup.mysticalagriculture.crafting":47506,"stat.pickup.minecraft.reeds":290,"stat.pickup.minecraft.prismarine_crystals":1,"stat.pickup.mysticalagriculture.fertilized_essence":3098,"stat.pickup.tconstruct.materials":8,"stat.pickup.draconicevolution.awakened_core":22,"stat.craftItem.minecraft.glass":584,"stat.craftItem.minecraft.cauldron":0,"stat.pickup.tconstruct.stone_stick":4,"stat.craftItem.translocators.translocator_part":8,"stat.killEntity.Pig":3,"stat.craftItem.minecraft.iron_sword":50,"stat.pickup.minecraft.piston":4,"stat.walkOneCm":3857864,"stat.playerKills":14,"stat.pickup.thermalfoundation.tool.hammer_invar":2,"stat.mineBlock.stoneblockutilities.stoneworkbench":2,"stat.pickup.draconicevolution.crafting_injector":41,"stat.useItem.avaritia.neutron_collector":90,"stat.pickup.minecraft.stone":1087,"stat.craftItem.tp.stone_hammer":0,"stat.craftItem.minecraft.hay_block":0,"stat.craftItem.extracells.storage.casing":0,"stat.pickup.minecraft.gold_ingot":61,"stat.mineBlock.thermalfoundation.ore_fluid":108,"stat.killEntity.Skeleton":5,"stat.mineBlock.minecraft.cactus":27,"stat.craftItem.ironchest.wood_iron_chest_upgrade":1,"stat.craftItem.ae2stuff.grower":1,"stat.mineBlock.chisel.concrete_white1":1,"stat.craftItem.openblocks.dev_null":1,"stat.pickup.mysticalagradditions.tier6_inferium_seeds":83,"stat.pickup.minecraft.quartz":224,"stat.pickup.storagedrawers.upgrade_storage":5,"stat.craftItem.extrautils2.trashcan":1,"stat.useItem.bigreactors.reactorcontrolrod":47,"stat.pickup.mysticalagriculture.supremium_boots":8,"stat.useItem.appliedenergistics2.part":8,"stat.mineBlock.minecraft.redstone_ore":5,"stat.mineBlock.tconstruct.casting":4,"stat.mineBlock.tp.growth_upgrade_two":1,"stat.craftItem.minecraft.porkchop":18,"stat.pickup.minecraft.lava_bucket":1,"stat.craftItem.minecraft.coal_block":0,"stat.craftItem.draconicevolution.fusion_crafting_core":0,"stat.mineBlock.minecraft.stone":21221,"stat.useItem.darkutils.trap_move":114,"stat.craftItem.projecte.item.pe_klein_star":4}